site_id,common_name,density
HP36P1B,Square-tailed Bulbul,0.131765809
HP36P3B,Square-tailed Bulbul,0.105412647
HP36P4B,Square-tailed Bulbul,0.105412647
HP37P1B,Square-tailed Bulbul,0.131765809
HP37P2B,Square-tailed Bulbul,0.026353162
HP37P4B,Square-tailed Bulbul,0.052706323
HP4008R,Square-tailed Bulbul,0.237178456
HP4008U,Square-tailed Bulbul,0.184472132
INBS04R,Square-tailed Bulbul,0.052706323
INBS04U,Square-tailed Bulbul,0
INME03R,Square-tailed Bulbul,0.026353162
INME03U,Square-tailed Bulbul,0
INOA03R,Square-tailed Bulbul,0
IPTO04R,Square-tailed Bulbul,0.052706323
IPTO04U,Square-tailed Bulbul,0.237178456
IPTO06R,Square-tailed Bulbul,0.184472132
IPTO06U,Square-tailed Bulbul,0.237178456
OLCAP2B,Square-tailed Bulbul,0.026353162
OLCAP3B,Square-tailed Bulbul,0.026353162
OLV110R,Square-tailed Bulbul,0
OLV110U,Square-tailed Bulbul,0
OLV208R,Square-tailed Bulbul,0.026353162
OLV208U,Square-tailed Bulbul,0
PANMP1B,Square-tailed Bulbul,0.026353162
PANMP2B,Square-tailed Bulbul,0.026353162
PANMP3B,Square-tailed Bulbul,0.052706323
SEL107R,Square-tailed Bulbul,0
SEL107U,Square-tailed Bulbul,0
SEL207R,Square-tailed Bulbul,0
SEL207U,Square-tailed Bulbul,0
STIN02R,Square-tailed Bulbul,0.026353162
STIN02U,Square-tailed Bulbul,0
THEN10U,Square-tailed Bulbul,0.052706323
UPMAP1B,Square-tailed Bulbul,0.052706323
UPMAP3B,Square-tailed Bulbul,0
UPMAP4B,Square-tailed Bulbul,0
UPMAP5B,Square-tailed Bulbul,0.026353162
UPMAP6B,Square-tailed Bulbul,0
VAR210R,Square-tailed Bulbul,0
VAR310R,Square-tailed Bulbul,0
VAR310U,Square-tailed Bulbul,0
VAR410R,Square-tailed Bulbul,0
VAR410U,Square-tailed Bulbul,0
HP36P1B,White-cheeked Barbet,0.072108879
HP36P3B,White-cheeked Barbet,0.072108879
HP36P4B,White-cheeked Barbet,0.072108879
HP37P1B,White-cheeked Barbet,0.090136099
HP37P2B,White-cheeked Barbet,0.054081659
HP37P4B,White-cheeked Barbet,0.081122489
HP4008R,White-cheeked Barbet,0.054081659
HP4008U,White-cheeked Barbet,0.108163318
INBS04R,White-cheeked Barbet,0.081122489
INBS04U,White-cheeked Barbet,0.054081659
INME03R,White-cheeked Barbet,0.063095269
INME03U,White-cheeked Barbet,0.02704083
INOA03R,White-cheeked Barbet,0.135204148
IPTO04R,White-cheeked Barbet,0.01802722
IPTO04U,White-cheeked Barbet,0.063095269
IPTO06R,White-cheeked Barbet,0.02704083
IPTO06U,White-cheeked Barbet,0.054081659
OLCAP2B,White-cheeked Barbet,0.090136099
OLCAP3B,White-cheeked Barbet,0.072108879
OLV110R,White-cheeked Barbet,0.081122489
OLV110U,White-cheeked Barbet,0.081122489
OLV208R,White-cheeked Barbet,0.063095269
OLV208U,White-cheeked Barbet,0.054081659
PANMP1B,White-cheeked Barbet,0.045068049
PANMP2B,White-cheeked Barbet,0.072108879
PANMP3B,White-cheeked Barbet,0.072108879
SEL107R,White-cheeked Barbet,0.063095269
SEL107U,White-cheeked Barbet,0.054081659
SEL207R,White-cheeked Barbet,0.02704083
SEL207U,White-cheeked Barbet,0.045068049
STIN02R,White-cheeked Barbet,0.126190538
STIN02U,White-cheeked Barbet,0.072108879
THEN10U,White-cheeked Barbet,0.099149709
UPMAP1B,White-cheeked Barbet,0.045068049
UPMAP3B,White-cheeked Barbet,0.072108879
UPMAP4B,White-cheeked Barbet,0.090136099
UPMAP5B,White-cheeked Barbet,0.090136099
UPMAP6B,White-cheeked Barbet,0.090136099
VAR210R,White-cheeked Barbet,0.01802722
VAR310R,White-cheeked Barbet,0.045068049
VAR310U,White-cheeked Barbet,0.117176928
VAR410R,White-cheeked Barbet,0.117176928
VAR410U,White-cheeked Barbet,0.045068049
HP36P1B,Crimson-backed Sunbird,0.224437265
HP36P3B,Crimson-backed Sunbird,0.224437265
HP36P4B,Crimson-backed Sunbird,0.149624844
HP37P1B,Crimson-backed Sunbird,0.112218633
HP37P2B,Crimson-backed Sunbird,0.224437265
HP37P4B,Crimson-backed Sunbird,0.261843476
HP4008R,Crimson-backed Sunbird,0.224437265
HP4008U,Crimson-backed Sunbird,0.187031055
INBS04R,Crimson-backed Sunbird,0.037406211
INBS04U,Crimson-backed Sunbird,0.112218633
INME03R,Crimson-backed Sunbird,0.074812422
INME03U,Crimson-backed Sunbird,0.074812422
INOA03R,Crimson-backed Sunbird,0.074812422
IPTO04R,Crimson-backed Sunbird,0.149624844
IPTO04U,Crimson-backed Sunbird,0.074812422
IPTO06R,Crimson-backed Sunbird,0.112218633
IPTO06U,Crimson-backed Sunbird,0.112218633
OLCAP2B,Crimson-backed Sunbird,0.187031055
OLCAP3B,Crimson-backed Sunbird,0.149624844
OLV110R,Crimson-backed Sunbird,0.187031055
OLV110U,Crimson-backed Sunbird,0.224437265
OLV208R,Crimson-backed Sunbird,0.187031055
OLV208U,Crimson-backed Sunbird,0.187031055
PANMP1B,Crimson-backed Sunbird,0.149624844
PANMP2B,Crimson-backed Sunbird,0.187031055
PANMP3B,Crimson-backed Sunbird,0.224437265
SEL107R,Crimson-backed Sunbird,0.112218633
SEL107U,Crimson-backed Sunbird,0.074812422
SEL207R,Crimson-backed Sunbird,0.149624844
SEL207U,Crimson-backed Sunbird,0.074812422
STIN02R,Crimson-backed Sunbird,0.112218633
STIN02U,Crimson-backed Sunbird,0.074812422
THEN10U,Crimson-backed Sunbird,0.112218633
UPMAP1B,Crimson-backed Sunbird,0.187031055
UPMAP3B,Crimson-backed Sunbird,0.187031055
UPMAP4B,Crimson-backed Sunbird,0.224437265
UPMAP5B,Crimson-backed Sunbird,0.224437265
UPMAP6B,Crimson-backed Sunbird,0.074812422
VAR210R,Crimson-backed Sunbird,0.149624844
VAR310R,Crimson-backed Sunbird,0.224437265
VAR310U,Crimson-backed Sunbird,0.149624844
VAR410R,Crimson-backed Sunbird,0.149624844
VAR410U,Crimson-backed Sunbird,0.112218633
HP36P1B,Mountain Imperial-Pigeon,0.032493991
HP36P3B,Mountain Imperial-Pigeon,0
HP36P4B,Mountain Imperial-Pigeon,0
HP37P1B,Mountain Imperial-Pigeon,0.016246996
HP37P2B,Mountain Imperial-Pigeon,0.024370494
HP37P4B,Mountain Imperial-Pigeon,0.008123498
HP4008R,Mountain Imperial-Pigeon,0.016246996
HP4008U,Mountain Imperial-Pigeon,0.008123498
INBS04R,Mountain Imperial-Pigeon,0
INBS04U,Mountain Imperial-Pigeon,0
INME03R,Mountain Imperial-Pigeon,0
INME03U,Mountain Imperial-Pigeon,0
INOA03R,Mountain Imperial-Pigeon,0
IPTO04R,Mountain Imperial-Pigeon,0.008123498
IPTO04U,Mountain Imperial-Pigeon,0
IPTO06R,Mountain Imperial-Pigeon,0
IPTO06U,Mountain Imperial-Pigeon,0
OLCAP2B,Mountain Imperial-Pigeon,0
OLCAP3B,Mountain Imperial-Pigeon,0.016246996
OLV110R,Mountain Imperial-Pigeon,0
OLV110U,Mountain Imperial-Pigeon,0
OLV208R,Mountain Imperial-Pigeon,0
OLV208U,Mountain Imperial-Pigeon,0
PANMP1B,Mountain Imperial-Pigeon,0.032493991
PANMP2B,Mountain Imperial-Pigeon,0.008123498
PANMP3B,Mountain Imperial-Pigeon,0.032493991
SEL107R,Mountain Imperial-Pigeon,0
SEL107U,Mountain Imperial-Pigeon,0
SEL207R,Mountain Imperial-Pigeon,0
SEL207U,Mountain Imperial-Pigeon,0
STIN02R,Mountain Imperial-Pigeon,0
STIN02U,Mountain Imperial-Pigeon,0
THEN10U,Mountain Imperial-Pigeon,0
UPMAP1B,Mountain Imperial-Pigeon,0.008123498
UPMAP3B,Mountain Imperial-Pigeon,0
UPMAP4B,Mountain Imperial-Pigeon,0.016246996
UPMAP5B,Mountain Imperial-Pigeon,0.008123498
UPMAP6B,Mountain Imperial-Pigeon,0
VAR210R,Mountain Imperial-Pigeon,0
VAR310R,Mountain Imperial-Pigeon,0.008123498
VAR310U,Mountain Imperial-Pigeon,0.016246996
VAR410R,Mountain Imperial-Pigeon,0
VAR410U,Mountain Imperial-Pigeon,0
HP36P1B,Greenish Warbler,0.31993387
HP36P3B,Greenish Warbler,0.255947096
HP36P4B,Greenish Warbler,0.351927257
HP37P1B,Greenish Warbler,0.447907418
HP37P2B,Greenish Warbler,0.255947096
HP37P4B,Greenish Warbler,0.255947096
HP4008R,Greenish Warbler,0.191960322
HP4008U,Greenish Warbler,0.159966935
INBS04R,Greenish Warbler,0.159966935
INBS04U,Greenish Warbler,0.287940483
INME03R,Greenish Warbler,0.511894192
INME03U,Greenish Warbler,0.383920644
INOA03R,Greenish Warbler,0.159966935
IPTO04R,Greenish Warbler,0.31993387
IPTO04U,Greenish Warbler,0.255947096
IPTO06R,Greenish Warbler,0.287940483
IPTO06U,Greenish Warbler,0.31993387
OLCAP2B,Greenish Warbler,0.191960322
OLCAP3B,Greenish Warbler,0.223953709
OLV110R,Greenish Warbler,0.383920644
OLV110U,Greenish Warbler,0.063986774
OLV208R,Greenish Warbler,0.351927257
OLV208U,Greenish Warbler,0.159966935
PANMP1B,Greenish Warbler,0.159966935
PANMP2B,Greenish Warbler,0.351927257
PANMP3B,Greenish Warbler,0.351927257
SEL107R,Greenish Warbler,0.223953709
SEL107U,Greenish Warbler,0.351927257
SEL207R,Greenish Warbler,0.31993387
SEL207U,Greenish Warbler,0.063986774
STIN02R,Greenish Warbler,0.287940483
STIN02U,Greenish Warbler,0.191960322
THEN10U,Greenish Warbler,0.287940483
UPMAP1B,Greenish Warbler,0.191960322
UPMAP3B,Greenish Warbler,0.191960322
UPMAP4B,Greenish Warbler,0.063986774
UPMAP5B,Greenish Warbler,0.223953709
UPMAP6B,Greenish Warbler,0.063986774
VAR210R,Greenish Warbler,0.159966935
VAR310R,Greenish Warbler,0.191960322
VAR310U,Greenish Warbler,0.255947096
VAR410R,Greenish Warbler,0.287940483
VAR410U,Greenish Warbler,0.159966935
HP36P1B,Vernal Hanging-Parrot,0.08897516
HP36P3B,Vernal Hanging-Parrot,0.04448758
HP36P4B,Vernal Hanging-Parrot,0.266925481
HP37P1B,Vernal Hanging-Parrot,0.266925481
HP37P2B,Vernal Hanging-Parrot,0.08897516
HP37P4B,Vernal Hanging-Parrot,0.177950321
HP4008R,Vernal Hanging-Parrot,0.04448758
HP4008U,Vernal Hanging-Parrot,0.266925481
INBS04R,Vernal Hanging-Parrot,0.177950321
INBS04U,Vernal Hanging-Parrot,0.08897516
INME03R,Vernal Hanging-Parrot,0.04448758
INME03U,Vernal Hanging-Parrot,0
INOA03R,Vernal Hanging-Parrot,0.133462741
IPTO04R,Vernal Hanging-Parrot,0.04448758
IPTO04U,Vernal Hanging-Parrot,0
IPTO06R,Vernal Hanging-Parrot,0.133462741
IPTO06U,Vernal Hanging-Parrot,0.311413061
OLCAP2B,Vernal Hanging-Parrot,0.444875802
OLCAP3B,Vernal Hanging-Parrot,0.266925481
OLV110R,Vernal Hanging-Parrot,0.266925481
OLV110U,Vernal Hanging-Parrot,0.222437901
OLV208R,Vernal Hanging-Parrot,0.311413061
OLV208U,Vernal Hanging-Parrot,0.08897516
PANMP1B,Vernal Hanging-Parrot,0.355900642
PANMP2B,Vernal Hanging-Parrot,0.355900642
PANMP3B,Vernal Hanging-Parrot,0.355900642
SEL107R,Vernal Hanging-Parrot,0.266925481
SEL107U,Vernal Hanging-Parrot,0.266925481
SEL207R,Vernal Hanging-Parrot,0.444875802
SEL207U,Vernal Hanging-Parrot,0.400388222
STIN02R,Vernal Hanging-Parrot,0.133462741
STIN02U,Vernal Hanging-Parrot,0.04448758
THEN10U,Vernal Hanging-Parrot,0.311413061
UPMAP1B,Vernal Hanging-Parrot,0.311413061
UPMAP3B,Vernal Hanging-Parrot,0.355900642
UPMAP4B,Vernal Hanging-Parrot,0.444875802
UPMAP5B,Vernal Hanging-Parrot,0.444875802
UPMAP6B,Vernal Hanging-Parrot,0.311413061
VAR210R,Vernal Hanging-Parrot,0.177950321
VAR310R,Vernal Hanging-Parrot,0.400388222
VAR310U,Vernal Hanging-Parrot,0.400388222
VAR410R,Vernal Hanging-Parrot,0.533850963
VAR410U,Vernal Hanging-Parrot,0.311413061
HP36P1B,Yellow-browed Bulbul,0.158112327
HP36P3B,Yellow-browed Bulbul,0.142301094
HP36P4B,Yellow-browed Bulbul,0.126489861
HP37P1B,Yellow-browed Bulbul,0.094867396
HP37P2B,Yellow-browed Bulbul,0.142301094
HP37P4B,Yellow-browed Bulbul,0.094867396
HP4008R,Yellow-browed Bulbul,0.094867396
HP4008U,Yellow-browed Bulbul,0.079056163
INBS04R,Yellow-browed Bulbul,0.142301094
INBS04U,Yellow-browed Bulbul,0.063244931
INME03R,Yellow-browed Bulbul,0.079056163
INME03U,Yellow-browed Bulbul,0.063244931
INOA03R,Yellow-browed Bulbul,0.079056163
IPTO04R,Yellow-browed Bulbul,0.079056163
IPTO04U,Yellow-browed Bulbul,0.079056163
IPTO06R,Yellow-browed Bulbul,0.126489861
IPTO06U,Yellow-browed Bulbul,0.094867396
OLCAP2B,Yellow-browed Bulbul,0.126489861
OLCAP3B,Yellow-browed Bulbul,0.110678629
OLV110R,Yellow-browed Bulbul,0.110678629
OLV110U,Yellow-browed Bulbul,0.063244931
OLV208R,Yellow-browed Bulbul,0.094867396
OLV208U,Yellow-browed Bulbul,0.047433698
PANMP1B,Yellow-browed Bulbul,0.110678629
PANMP2B,Yellow-browed Bulbul,0.094867396
PANMP3B,Yellow-browed Bulbul,0.110678629
SEL107R,Yellow-browed Bulbul,0.094867396
SEL107U,Yellow-browed Bulbul,0.063244931
SEL207R,Yellow-browed Bulbul,0.142301094
SEL207U,Yellow-browed Bulbul,0
STIN02R,Yellow-browed Bulbul,0.110678629
STIN02U,Yellow-browed Bulbul,0.079056163
THEN10U,Yellow-browed Bulbul,0.110678629
UPMAP1B,Yellow-browed Bulbul,0.079056163
UPMAP3B,Yellow-browed Bulbul,0.110678629
UPMAP4B,Yellow-browed Bulbul,0.110678629
UPMAP5B,Yellow-browed Bulbul,0.126489861
UPMAP6B,Yellow-browed Bulbul,0.110678629
VAR210R,Yellow-browed Bulbul,0.126489861
VAR310R,Yellow-browed Bulbul,0.063244931
VAR310U,Yellow-browed Bulbul,0.079056163
VAR410R,Yellow-browed Bulbul,0.047433698
VAR410U,Yellow-browed Bulbul,0.047433698
HP36P1B,Orange Minivet,0.057987184
HP36P3B,Orange Minivet,0
HP36P4B,Orange Minivet,0.086980776
HP37P1B,Orange Minivet,0.028993592
HP37P2B,Orange Minivet,0.057987184
HP37P4B,Orange Minivet,0
HP4008R,Orange Minivet,0.028993592
HP4008U,Orange Minivet,0.028993592
INBS04R,Orange Minivet,0.028993592
INBS04U,Orange Minivet,0
INME03R,Orange Minivet,0.115974369
INME03U,Orange Minivet,0.028993592
INOA03R,Orange Minivet,0.028993592
IPTO04R,Orange Minivet,0
IPTO04U,Orange Minivet,0.028993592
IPTO06R,Orange Minivet,0
IPTO06U,Orange Minivet,0
OLCAP2B,Orange Minivet,0.115974369
OLCAP3B,Orange Minivet,0.115974369
OLV110R,Orange Minivet,0.028993592
OLV110U,Orange Minivet,0.057987184
OLV208R,Orange Minivet,0.144967961
OLV208U,Orange Minivet,0
PANMP1B,Orange Minivet,0.057987184
PANMP2B,Orange Minivet,0.028993592
PANMP3B,Orange Minivet,0.144967961
SEL107R,Orange Minivet,0.057987184
SEL107U,Orange Minivet,0
SEL207R,Orange Minivet,0.028993592
SEL207U,Orange Minivet,0.173961553
STIN02R,Orange Minivet,0.057987184
STIN02U,Orange Minivet,0
THEN10U,Orange Minivet,0.057987184
UPMAP1B,Orange Minivet,0.028993592
UPMAP3B,Orange Minivet,0.115974369
UPMAP4B,Orange Minivet,0.057987184
UPMAP5B,Orange Minivet,0.086980776
UPMAP6B,Orange Minivet,0.086980776
VAR210R,Orange Minivet,0.028993592
VAR310R,Orange Minivet,0.057987184
VAR310U,Orange Minivet,0.086980776
VAR410R,Orange Minivet,0.057987184
VAR410U,Orange Minivet,0.057987184
HP36P1B,Large-billed Leaf Warbler,0.070924866
HP36P3B,Large-billed Leaf Warbler,0.088656083
HP36P4B,Large-billed Leaf Warbler,0.088656083
HP37P1B,Large-billed Leaf Warbler,0.159580949
HP37P2B,Large-billed Leaf Warbler,0.124118516
HP37P4B,Large-billed Leaf Warbler,0.017731217
HP4008R,Large-billed Leaf Warbler,0
HP4008U,Large-billed Leaf Warbler,0.035462433
INBS04R,Large-billed Leaf Warbler,0.070924866
INBS04U,Large-billed Leaf Warbler,0.017731217
INME03R,Large-billed Leaf Warbler,0.035462433
INME03U,Large-billed Leaf Warbler,0
INOA03R,Large-billed Leaf Warbler,0.017731217
IPTO04R,Large-billed Leaf Warbler,0.141849732
IPTO04U,Large-billed Leaf Warbler,0.017731217
IPTO06R,Large-billed Leaf Warbler,0.106387299
IPTO06U,Large-billed Leaf Warbler,0.05319365
OLCAP2B,Large-billed Leaf Warbler,0.05319365
OLCAP3B,Large-billed Leaf Warbler,0.088656083
OLV110R,Large-billed Leaf Warbler,0.070924866
OLV110U,Large-billed Leaf Warbler,0.035462433
OLV208R,Large-billed Leaf Warbler,0.070924866
OLV208U,Large-billed Leaf Warbler,0.106387299
PANMP1B,Large-billed Leaf Warbler,0.159580949
PANMP2B,Large-billed Leaf Warbler,0.141849732
PANMP3B,Large-billed Leaf Warbler,0.106387299
SEL107R,Large-billed Leaf Warbler,0.088656083
SEL107U,Large-billed Leaf Warbler,0
SEL207R,Large-billed Leaf Warbler,0
SEL207U,Large-billed Leaf Warbler,0
STIN02R,Large-billed Leaf Warbler,0.035462433
STIN02U,Large-billed Leaf Warbler,0.017731217
THEN10U,Large-billed Leaf Warbler,0
UPMAP1B,Large-billed Leaf Warbler,0.070924866
UPMAP3B,Large-billed Leaf Warbler,0.106387299
UPMAP4B,Large-billed Leaf Warbler,0.141849732
UPMAP5B,Large-billed Leaf Warbler,0.070924866
UPMAP6B,Large-billed Leaf Warbler,0.106387299
VAR210R,Large-billed Leaf Warbler,0.088656083
VAR310R,Large-billed Leaf Warbler,0.017731217
VAR310U,Large-billed Leaf Warbler,0.035462433
VAR410R,Large-billed Leaf Warbler,0.05319365
VAR410U,Large-billed Leaf Warbler,0.070924866
HP36P1B,Asian Fairy-bluebird,0.050890403
HP36P3B,Asian Fairy-bluebird,0
HP36P4B,Asian Fairy-bluebird,0.050890403
HP37P1B,Asian Fairy-bluebird,0.050890403
HP37P2B,Asian Fairy-bluebird,0.025445201
HP37P4B,Asian Fairy-bluebird,0.050890403
HP4008R,Asian Fairy-bluebird,0.101780806
HP4008U,Asian Fairy-bluebird,0.101780806
INBS04R,Asian Fairy-bluebird,0
INBS04U,Asian Fairy-bluebird,0.025445201
INME03R,Asian Fairy-bluebird,0
INME03U,Asian Fairy-bluebird,0
INOA03R,Asian Fairy-bluebird,0
IPTO04R,Asian Fairy-bluebird,0
IPTO04U,Asian Fairy-bluebird,0.050890403
IPTO06R,Asian Fairy-bluebird,0.101780806
IPTO06U,Asian Fairy-bluebird,0.101780806
OLCAP2B,Asian Fairy-bluebird,0.17811641
OLCAP3B,Asian Fairy-bluebird,0.101780806
OLV110R,Asian Fairy-bluebird,0
OLV110U,Asian Fairy-bluebird,0
OLV208R,Asian Fairy-bluebird,0.152671208
OLV208U,Asian Fairy-bluebird,0.050890403
PANMP1B,Asian Fairy-bluebird,0.127226007
PANMP2B,Asian Fairy-bluebird,0.127226007
PANMP3B,Asian Fairy-bluebird,0.050890403
SEL107R,Asian Fairy-bluebird,0
SEL107U,Asian Fairy-bluebird,0
SEL207R,Asian Fairy-bluebird,0.025445201
SEL207U,Asian Fairy-bluebird,0
STIN02R,Asian Fairy-bluebird,0
STIN02U,Asian Fairy-bluebird,0.025445201
THEN10U,Asian Fairy-bluebird,0.152671208
UPMAP1B,Asian Fairy-bluebird,0.101780806
UPMAP3B,Asian Fairy-bluebird,0.254452014
UPMAP4B,Asian Fairy-bluebird,0.152671208
UPMAP5B,Asian Fairy-bluebird,0.152671208
UPMAP6B,Asian Fairy-bluebird,0.101780806
VAR210R,Asian Fairy-bluebird,0.050890403
VAR310R,Asian Fairy-bluebird,0.025445201
VAR310U,Asian Fairy-bluebird,0.127226007
VAR410R,Asian Fairy-bluebird,0.025445201
VAR410U,Asian Fairy-bluebird,0.050890403
HP36P1B,Indian Paradise-Flycatcher,0.031284869
HP36P3B,Indian Paradise-Flycatcher,0.062569738
HP36P4B,Indian Paradise-Flycatcher,0.062569738
HP37P1B,Indian Paradise-Flycatcher,0.062569738
HP37P2B,Indian Paradise-Flycatcher,0.031284869
HP37P4B,Indian Paradise-Flycatcher,0.093854607
HP4008R,Indian Paradise-Flycatcher,0.031284869
HP4008U,Indian Paradise-Flycatcher,0
INBS04R,Indian Paradise-Flycatcher,0.062569738
INBS04U,Indian Paradise-Flycatcher,0
INME03R,Indian Paradise-Flycatcher,0.031284869
INME03U,Indian Paradise-Flycatcher,0.031284869
INOA03R,Indian Paradise-Flycatcher,0.093854607
IPTO04R,Indian Paradise-Flycatcher,0
IPTO04U,Indian Paradise-Flycatcher,0
IPTO06R,Indian Paradise-Flycatcher,0.031284869
IPTO06U,Indian Paradise-Flycatcher,0.031284869
OLCAP2B,Indian Paradise-Flycatcher,0
OLCAP3B,Indian Paradise-Flycatcher,0.125139476
OLV110R,Indian Paradise-Flycatcher,0
OLV110U,Indian Paradise-Flycatcher,0
OLV208R,Indian Paradise-Flycatcher,0
OLV208U,Indian Paradise-Flycatcher,0.031284869
PANMP1B,Indian Paradise-Flycatcher,0
PANMP2B,Indian Paradise-Flycatcher,0.031284869
PANMP3B,Indian Paradise-Flycatcher,0.031284869
SEL107R,Indian Paradise-Flycatcher,0
SEL107U,Indian Paradise-Flycatcher,0.031284869
SEL207R,Indian Paradise-Flycatcher,0.031284869
SEL207U,Indian Paradise-Flycatcher,0
STIN02R,Indian Paradise-Flycatcher,0.031284869
STIN02U,Indian Paradise-Flycatcher,0
THEN10U,Indian Paradise-Flycatcher,0
UPMAP1B,Indian Paradise-Flycatcher,0
UPMAP3B,Indian Paradise-Flycatcher,0.031284869
UPMAP4B,Indian Paradise-Flycatcher,0
UPMAP5B,Indian Paradise-Flycatcher,0
UPMAP6B,Indian Paradise-Flycatcher,0
VAR210R,Indian Paradise-Flycatcher,0
VAR310R,Indian Paradise-Flycatcher,0.031284869
VAR310U,Indian Paradise-Flycatcher,0.031284869
VAR410R,Indian Paradise-Flycatcher,0
VAR410U,Indian Paradise-Flycatcher,0
HP36P1B,Malabar Whistling-Thrush,0.051955345
HP36P3B,Malabar Whistling-Thrush,0.025977672
HP36P4B,Malabar Whistling-Thrush,0.012988836
HP37P1B,Malabar Whistling-Thrush,0.025977672
HP37P2B,Malabar Whistling-Thrush,0.051955345
HP37P4B,Malabar Whistling-Thrush,0.064944181
HP4008R,Malabar Whistling-Thrush,0.025977672
HP4008U,Malabar Whistling-Thrush,0
INBS04R,Malabar Whistling-Thrush,0.038966509
INBS04U,Malabar Whistling-Thrush,0.051955345
INME03R,Malabar Whistling-Thrush,0.025977672
INME03U,Malabar Whistling-Thrush,0.051955345
INOA03R,Malabar Whistling-Thrush,0.064944181
IPTO04R,Malabar Whistling-Thrush,0.012988836
IPTO04U,Malabar Whistling-Thrush,0.012988836
IPTO06R,Malabar Whistling-Thrush,0
IPTO06U,Malabar Whistling-Thrush,0
OLCAP2B,Malabar Whistling-Thrush,0
OLCAP3B,Malabar Whistling-Thrush,0.038966509
OLV110R,Malabar Whistling-Thrush,0.025977672
OLV110U,Malabar Whistling-Thrush,0.012988836
OLV208R,Malabar Whistling-Thrush,0.064944181
OLV208U,Malabar Whistling-Thrush,0.051955345
PANMP1B,Malabar Whistling-Thrush,0.064944181
PANMP2B,Malabar Whistling-Thrush,0.064944181
PANMP3B,Malabar Whistling-Thrush,0.038966509
SEL107R,Malabar Whistling-Thrush,0.051955345
SEL107U,Malabar Whistling-Thrush,0.025977672
SEL207R,Malabar Whistling-Thrush,0.038966509
SEL207U,Malabar Whistling-Thrush,0.012988836
STIN02R,Malabar Whistling-Thrush,0.064944181
STIN02U,Malabar Whistling-Thrush,0.064944181
THEN10U,Malabar Whistling-Thrush,0.064944181
UPMAP1B,Malabar Whistling-Thrush,0.038966509
UPMAP3B,Malabar Whistling-Thrush,0.038966509
UPMAP4B,Malabar Whistling-Thrush,0.038966509
UPMAP5B,Malabar Whistling-Thrush,0.025977672
UPMAP6B,Malabar Whistling-Thrush,0.038966509
VAR210R,Malabar Whistling-Thrush,0.051955345
VAR310R,Malabar Whistling-Thrush,0.038966509
VAR310U,Malabar Whistling-Thrush,0.038966509
VAR410R,Malabar Whistling-Thrush,0.038966509
VAR410U,Malabar Whistling-Thrush,0.038966509
HP36P1B,Gray Junglefowl,0.025593955
HP36P3B,Gray Junglefowl,0.008531318
HP36P4B,Gray Junglefowl,0
HP37P1B,Gray Junglefowl,0.008531318
HP37P2B,Gray Junglefowl,0.042656592
HP37P4B,Gray Junglefowl,0
HP4008R,Gray Junglefowl,0.034125274
HP4008U,Gray Junglefowl,0.008531318
INBS04R,Gray Junglefowl,0
INBS04U,Gray Junglefowl,0.008531318
INME03R,Gray Junglefowl,0
INME03U,Gray Junglefowl,0
INOA03R,Gray Junglefowl,0
IPTO04R,Gray Junglefowl,0.017062637
IPTO04U,Gray Junglefowl,0.017062637
IPTO06R,Gray Junglefowl,0.025593955
IPTO06U,Gray Junglefowl,0.008531318
OLCAP2B,Gray Junglefowl,0
OLCAP3B,Gray Junglefowl,0
OLV110R,Gray Junglefowl,0.017062637
OLV110U,Gray Junglefowl,0
OLV208R,Gray Junglefowl,0
OLV208U,Gray Junglefowl,0.034125274
PANMP1B,Gray Junglefowl,0
PANMP2B,Gray Junglefowl,0.008531318
PANMP3B,Gray Junglefowl,0.017062637
SEL107R,Gray Junglefowl,0.017062637
SEL107U,Gray Junglefowl,0
SEL207R,Gray Junglefowl,0.017062637
SEL207U,Gray Junglefowl,0.008531318
STIN02R,Gray Junglefowl,0
STIN02U,Gray Junglefowl,0
THEN10U,Gray Junglefowl,0.008531318
UPMAP1B,Gray Junglefowl,0.025593955
UPMAP3B,Gray Junglefowl,0
UPMAP4B,Gray Junglefowl,0
UPMAP5B,Gray Junglefowl,0
UPMAP6B,Gray Junglefowl,0.025593955
VAR210R,Gray Junglefowl,0.008531318
VAR310R,Gray Junglefowl,0.008531318
VAR310U,Gray Junglefowl,0.025593955
VAR410R,Gray Junglefowl,0.008531318
VAR410U,Gray Junglefowl,0.017062637
HP36P1B,Puff-throated Babbler,0.028458019
HP36P3B,Puff-throated Babbler,0.056916039
HP36P4B,Puff-throated Babbler,0.021343514
HP37P1B,Puff-throated Babbler,0.042687029
HP37P2B,Puff-throated Babbler,0.028458019
HP37P4B,Puff-throated Babbler,0.028458019
HP4008R,Puff-throated Babbler,0
HP4008U,Puff-throated Babbler,0.007114505
INBS04R,Puff-throated Babbler,0.01422901
INBS04U,Puff-throated Babbler,0
INME03R,Puff-throated Babbler,0
INME03U,Puff-throated Babbler,0.01422901
INOA03R,Puff-throated Babbler,0.01422901
IPTO04R,Puff-throated Babbler,0
IPTO04U,Puff-throated Babbler,0.01422901
IPTO06R,Puff-throated Babbler,0
IPTO06U,Puff-throated Babbler,0.007114505
OLCAP2B,Puff-throated Babbler,0.035572524
OLCAP3B,Puff-throated Babbler,0.01422901
OLV110R,Puff-throated Babbler,0
OLV110U,Puff-throated Babbler,0
OLV208R,Puff-throated Babbler,0.007114505
OLV208U,Puff-throated Babbler,0
PANMP1B,Puff-throated Babbler,0.028458019
PANMP2B,Puff-throated Babbler,0.035572524
PANMP3B,Puff-throated Babbler,0.021343514
SEL107R,Puff-throated Babbler,0.021343514
SEL107U,Puff-throated Babbler,0.007114505
SEL207R,Puff-throated Babbler,0.021343514
SEL207U,Puff-throated Babbler,0
STIN02R,Puff-throated Babbler,0.021343514
STIN02U,Puff-throated Babbler,0.007114505
THEN10U,Puff-throated Babbler,0.01422901
UPMAP1B,Puff-throated Babbler,0.01422901
UPMAP3B,Puff-throated Babbler,0
UPMAP4B,Puff-throated Babbler,0
UPMAP5B,Puff-throated Babbler,0
UPMAP6B,Puff-throated Babbler,0.028458019
VAR210R,Puff-throated Babbler,0.01422901
VAR310R,Puff-throated Babbler,0.007114505
VAR310U,Puff-throated Babbler,0
VAR410R,Puff-throated Babbler,0
VAR410U,Puff-throated Babbler,0.021343514
HP36P1B,Bronzed Drongo,0.018031012
HP36P3B,Bronzed Drongo,0.054093035
HP36P4B,Bronzed Drongo,0
HP37P1B,Bronzed Drongo,0
HP37P2B,Bronzed Drongo,0
HP37P4B,Bronzed Drongo,0.036062023
HP4008R,Bronzed Drongo,0
HP4008U,Bronzed Drongo,0.018031012
INBS04R,Bronzed Drongo,0.018031012
INBS04U,Bronzed Drongo,0
INME03R,Bronzed Drongo,0.018031012
INME03U,Bronzed Drongo,0
INOA03R,Bronzed Drongo,0.018031012
IPTO04R,Bronzed Drongo,0
IPTO04U,Bronzed Drongo,0
IPTO06R,Bronzed Drongo,0.018031012
IPTO06U,Bronzed Drongo,0.018031012
OLCAP2B,Bronzed Drongo,0
OLCAP3B,Bronzed Drongo,0
OLV110R,Bronzed Drongo,0
OLV110U,Bronzed Drongo,0
OLV208R,Bronzed Drongo,0.018031012
OLV208U,Bronzed Drongo,0
PANMP1B,Bronzed Drongo,0.036062023
PANMP2B,Bronzed Drongo,0.036062023
PANMP3B,Bronzed Drongo,0.054093035
SEL107R,Bronzed Drongo,0
SEL107U,Bronzed Drongo,0
SEL207R,Bronzed Drongo,0
SEL207U,Bronzed Drongo,0
STIN02R,Bronzed Drongo,0.036062023
STIN02U,Bronzed Drongo,0
THEN10U,Bronzed Drongo,0.018031012
UPMAP1B,Bronzed Drongo,0
UPMAP3B,Bronzed Drongo,0.072124047
UPMAP4B,Bronzed Drongo,0.036062023
UPMAP5B,Bronzed Drongo,0.018031012
UPMAP6B,Bronzed Drongo,0.054093035
VAR210R,Bronzed Drongo,0
VAR310R,Bronzed Drongo,0.018031012
VAR310U,Bronzed Drongo,0
VAR410R,Bronzed Drongo,0.018031012
VAR410U,Bronzed Drongo,0
HP36P1B,Nilgiri Flowerpecker,0.052666751
HP36P3B,Nilgiri Flowerpecker,0.316000505
HP36P4B,Nilgiri Flowerpecker,0.421334007
HP37P1B,Nilgiri Flowerpecker,0.316000505
HP37P2B,Nilgiri Flowerpecker,0.158000252
HP37P4B,Nilgiri Flowerpecker,0.63200101
HP4008R,Nilgiri Flowerpecker,0.790001262
HP4008U,Nilgiri Flowerpecker,0.316000505
INBS04R,Nilgiri Flowerpecker,0.526667508
INBS04U,Nilgiri Flowerpecker,0.684667761
INME03R,Nilgiri Flowerpecker,0.421334007
INME03U,Nilgiri Flowerpecker,0.421334007
INOA03R,Nilgiri Flowerpecker,0.526667508
IPTO04R,Nilgiri Flowerpecker,0.63200101
IPTO04U,Nilgiri Flowerpecker,0.526667508
IPTO06R,Nilgiri Flowerpecker,0.737334511
IPTO06U,Nilgiri Flowerpecker,0.63200101
OLCAP2B,Nilgiri Flowerpecker,0.158000252
OLCAP3B,Nilgiri Flowerpecker,0.316000505
OLV110R,Nilgiri Flowerpecker,0.474000757
OLV110U,Nilgiri Flowerpecker,0.737334511
OLV208R,Nilgiri Flowerpecker,0.421334007
OLV208U,Nilgiri Flowerpecker,0.63200101
PANMP1B,Nilgiri Flowerpecker,0.105333502
PANMP2B,Nilgiri Flowerpecker,0
PANMP3B,Nilgiri Flowerpecker,0.421334007
SEL107R,Nilgiri Flowerpecker,0.421334007
SEL107U,Nilgiri Flowerpecker,0.474000757
SEL207R,Nilgiri Flowerpecker,0.368667256
SEL207U,Nilgiri Flowerpecker,0.105333502
STIN02R,Nilgiri Flowerpecker,0.684667761
STIN02U,Nilgiri Flowerpecker,0.474000757
THEN10U,Nilgiri Flowerpecker,0.368667256
UPMAP1B,Nilgiri Flowerpecker,0.579334259
UPMAP3B,Nilgiri Flowerpecker,0.052666751
UPMAP4B,Nilgiri Flowerpecker,0.526667508
UPMAP5B,Nilgiri Flowerpecker,0.263333754
UPMAP6B,Nilgiri Flowerpecker,0.263333754
VAR210R,Nilgiri Flowerpecker,0.105333502
VAR310R,Nilgiri Flowerpecker,0.368667256
VAR310U,Nilgiri Flowerpecker,0.790001262
VAR410R,Nilgiri Flowerpecker,0.474000757
VAR410U,Nilgiri Flowerpecker,0.263333754
HP36P1B,Southern Hill Myna,0.045253802
HP36P3B,Southern Hill Myna,0.022626901
HP36P4B,Southern Hill Myna,0.01131345
HP37P1B,Southern Hill Myna,0.01131345
HP37P2B,Southern Hill Myna,0.022626901
HP37P4B,Southern Hill Myna,0.033940351
HP4008R,Southern Hill Myna,0.022626901
HP4008U,Southern Hill Myna,0.181015207
INBS04R,Southern Hill Myna,0.056567252
INBS04U,Southern Hill Myna,0.01131345
INME03R,Southern Hill Myna,0.056567252
INME03U,Southern Hill Myna,0.022626901
INOA03R,Southern Hill Myna,0.192328658
IPTO04R,Southern Hill Myna,0
IPTO04U,Southern Hill Myna,0
IPTO06R,Southern Hill Myna,0.045253802
IPTO06U,Southern Hill Myna,0.01131345
OLCAP2B,Southern Hill Myna,0.033940351
OLCAP3B,Southern Hill Myna,0.01131345
OLV110R,Southern Hill Myna,0.022626901
OLV110U,Southern Hill Myna,0.022626901
OLV208R,Southern Hill Myna,0
OLV208U,Southern Hill Myna,0
PANMP1B,Southern Hill Myna,0.056567252
PANMP2B,Southern Hill Myna,0.033940351
PANMP3B,Southern Hill Myna,0.022626901
SEL107R,Southern Hill Myna,0.01131345
SEL107U,Southern Hill Myna,0.022626901
SEL207R,Southern Hill Myna,0.022626901
SEL207U,Southern Hill Myna,0.022626901
STIN02R,Southern Hill Myna,0.01131345
STIN02U,Southern Hill Myna,0.01131345
THEN10U,Southern Hill Myna,0.033940351
UPMAP1B,Southern Hill Myna,0.01131345
UPMAP3B,Southern Hill Myna,0.01131345
UPMAP4B,Southern Hill Myna,0.01131345
UPMAP5B,Southern Hill Myna,0.01131345
UPMAP6B,Southern Hill Myna,0.033940351
VAR210R,Southern Hill Myna,0
VAR310R,Southern Hill Myna,0.033940351
VAR310U,Southern Hill Myna,0.01131345
VAR410R,Southern Hill Myna,0.033940351
VAR410U,Southern Hill Myna,0.01131345
HP36P1B,Indian Scimitar-Babbler,0.015691386
HP36P3B,Indian Scimitar-Babbler,0.047074157
HP36P4B,Indian Scimitar-Babbler,0.047074157
HP37P1B,Indian Scimitar-Babbler,0.039228465
HP37P2B,Indian Scimitar-Babbler,0.039228465
HP37P4B,Indian Scimitar-Babbler,0.015691386
HP4008R,Indian Scimitar-Babbler,0.047074157
HP4008U,Indian Scimitar-Babbler,0.062765543
INBS04R,Indian Scimitar-Babbler,0.023537079
INBS04U,Indian Scimitar-Babbler,0.015691386
INME03R,Indian Scimitar-Babbler,0.031382772
INME03U,Indian Scimitar-Babbler,0.039228465
INOA03R,Indian Scimitar-Babbler,0.023537079
IPTO04R,Indian Scimitar-Babbler,0.039228465
IPTO04U,Indian Scimitar-Babbler,0.070611236
IPTO06R,Indian Scimitar-Babbler,0.078456929
IPTO06U,Indian Scimitar-Babbler,0.031382772
OLCAP2B,Indian Scimitar-Babbler,0.031382772
OLCAP3B,Indian Scimitar-Babbler,0.039228465
OLV110R,Indian Scimitar-Babbler,0.023537079
OLV110U,Indian Scimitar-Babbler,0.023537079
OLV208R,Indian Scimitar-Babbler,0.007845693
OLV208U,Indian Scimitar-Babbler,0.031382772
PANMP1B,Indian Scimitar-Babbler,0.05491985
PANMP2B,Indian Scimitar-Babbler,0.05491985
PANMP3B,Indian Scimitar-Babbler,0.031382772
SEL107R,Indian Scimitar-Babbler,0.05491985
SEL107U,Indian Scimitar-Babbler,0.047074157
SEL207R,Indian Scimitar-Babbler,0.070611236
SEL207U,Indian Scimitar-Babbler,0.031382772
STIN02R,Indian Scimitar-Babbler,0.031382772
STIN02U,Indian Scimitar-Babbler,0.015691386
THEN10U,Indian Scimitar-Babbler,0.015691386
UPMAP1B,Indian Scimitar-Babbler,0.015691386
UPMAP3B,Indian Scimitar-Babbler,0
UPMAP4B,Indian Scimitar-Babbler,0
UPMAP5B,Indian Scimitar-Babbler,0
UPMAP6B,Indian Scimitar-Babbler,0.023537079
VAR210R,Indian Scimitar-Babbler,0
VAR310R,Indian Scimitar-Babbler,0.047074157
VAR310U,Indian Scimitar-Babbler,0.031382772
VAR410R,Indian Scimitar-Babbler,0.015691386
VAR410U,Indian Scimitar-Babbler,0.031382772
HP36P1B,Gray-headed Canary-Flycatcher,0.041931148
HP36P3B,Gray-headed Canary-Flycatcher,0.125793444
HP36P4B,Gray-headed Canary-Flycatcher,0.10482787
HP37P1B,Gray-headed Canary-Flycatcher,0.10482787
HP37P2B,Gray-headed Canary-Flycatcher,0.041931148
HP37P4B,Gray-headed Canary-Flycatcher,0.083862296
HP4008R,Gray-headed Canary-Flycatcher,0
HP4008U,Gray-headed Canary-Flycatcher,0.020965574
INBS04R,Gray-headed Canary-Flycatcher,0
INBS04U,Gray-headed Canary-Flycatcher,0
INME03R,Gray-headed Canary-Flycatcher,0
INME03U,Gray-headed Canary-Flycatcher,0
INOA03R,Gray-headed Canary-Flycatcher,0
IPTO04R,Gray-headed Canary-Flycatcher,0
IPTO04U,Gray-headed Canary-Flycatcher,0.020965574
IPTO06R,Gray-headed Canary-Flycatcher,0
IPTO06U,Gray-headed Canary-Flycatcher,0
OLCAP2B,Gray-headed Canary-Flycatcher,0.041931148
OLCAP3B,Gray-headed Canary-Flycatcher,0.041931148
OLV110R,Gray-headed Canary-Flycatcher,0
OLV110U,Gray-headed Canary-Flycatcher,0
OLV208R,Gray-headed Canary-Flycatcher,0
OLV208U,Gray-headed Canary-Flycatcher,0
PANMP1B,Gray-headed Canary-Flycatcher,0.083862296
PANMP2B,Gray-headed Canary-Flycatcher,0.10482787
PANMP3B,Gray-headed Canary-Flycatcher,0.020965574
SEL107R,Gray-headed Canary-Flycatcher,0
SEL107U,Gray-headed Canary-Flycatcher,0
SEL207R,Gray-headed Canary-Flycatcher,0
SEL207U,Gray-headed Canary-Flycatcher,0
STIN02R,Gray-headed Canary-Flycatcher,0
STIN02U,Gray-headed Canary-Flycatcher,0
THEN10U,Gray-headed Canary-Flycatcher,0
UPMAP1B,Gray-headed Canary-Flycatcher,0.020965574
UPMAP3B,Gray-headed Canary-Flycatcher,0.020965574
UPMAP4B,Gray-headed Canary-Flycatcher,0.041931148
UPMAP5B,Gray-headed Canary-Flycatcher,0
UPMAP6B,Gray-headed Canary-Flycatcher,0
VAR210R,Gray-headed Canary-Flycatcher,0
VAR310R,Gray-headed Canary-Flycatcher,0
VAR310U,Gray-headed Canary-Flycatcher,0
VAR410R,Gray-headed Canary-Flycatcher,0
VAR410U,Gray-headed Canary-Flycatcher,0
HP36P1B,Greater Racket-tailed Drongo,0.021003395
HP36P3B,Greater Racket-tailed Drongo,0.031505092
HP36P4B,Greater Racket-tailed Drongo,0.010501697
HP37P1B,Greater Racket-tailed Drongo,0
HP37P2B,Greater Racket-tailed Drongo,0
HP37P4B,Greater Racket-tailed Drongo,0.031505092
HP4008R,Greater Racket-tailed Drongo,0
HP4008U,Greater Racket-tailed Drongo,0.010501697
INBS04R,Greater Racket-tailed Drongo,0.04200679
INBS04U,Greater Racket-tailed Drongo,0.010501697
INME03R,Greater Racket-tailed Drongo,0.052508487
INME03U,Greater Racket-tailed Drongo,0.031505092
INOA03R,Greater Racket-tailed Drongo,0.04200679
IPTO04R,Greater Racket-tailed Drongo,0.010501697
IPTO04U,Greater Racket-tailed Drongo,0
IPTO06R,Greater Racket-tailed Drongo,0.021003395
IPTO06U,Greater Racket-tailed Drongo,0.010501697
OLCAP2B,Greater Racket-tailed Drongo,0.021003395
OLCAP3B,Greater Racket-tailed Drongo,0.031505092
OLV110R,Greater Racket-tailed Drongo,0.031505092
OLV110U,Greater Racket-tailed Drongo,0.010501697
OLV208R,Greater Racket-tailed Drongo,0.021003395
OLV208U,Greater Racket-tailed Drongo,0
PANMP1B,Greater Racket-tailed Drongo,0.105016975
PANMP2B,Greater Racket-tailed Drongo,0.08401358
PANMP3B,Greater Racket-tailed Drongo,0.08401358
SEL107R,Greater Racket-tailed Drongo,0.010501697
SEL107U,Greater Racket-tailed Drongo,0
SEL207R,Greater Racket-tailed Drongo,0
SEL207U,Greater Racket-tailed Drongo,0
STIN02R,Greater Racket-tailed Drongo,0
STIN02U,Greater Racket-tailed Drongo,0.04200679
THEN10U,Greater Racket-tailed Drongo,0.010501697
UPMAP1B,Greater Racket-tailed Drongo,0.04200679
UPMAP3B,Greater Racket-tailed Drongo,0.04200679
UPMAP4B,Greater Racket-tailed Drongo,0.021003395
UPMAP5B,Greater Racket-tailed Drongo,0.04200679
UPMAP6B,Greater Racket-tailed Drongo,0.04200679
VAR210R,Greater Racket-tailed Drongo,0
VAR310R,Greater Racket-tailed Drongo,0.04200679
VAR310U,Greater Racket-tailed Drongo,0.010501697
VAR410R,Greater Racket-tailed Drongo,0
VAR410U,Greater Racket-tailed Drongo,0.010501697
HP36P1B,Indian White-eye,0.082591583
HP36P3B,Indian White-eye,0.110122111
HP36P4B,Indian White-eye,0.137652639
HP37P1B,Indian White-eye,0.055061056
HP37P2B,Indian White-eye,0.055061056
HP37P4B,Indian White-eye,0.137652639
HP4008R,Indian White-eye,0.165183167
HP4008U,Indian White-eye,0.110122111
INBS04R,Indian White-eye,0.137652639
INBS04U,Indian White-eye,0.357896862
INME03R,Indian White-eye,0.165183167
INME03U,Indian White-eye,0.110122111
INOA03R,Indian White-eye,0.137652639
IPTO04R,Indian White-eye,0.055061056
IPTO04U,Indian White-eye,0.082591583
IPTO06R,Indian White-eye,0.110122111
IPTO06U,Indian White-eye,0.137652639
OLCAP2B,Indian White-eye,0.110122111
OLCAP3B,Indian White-eye,0.082591583
OLV110R,Indian White-eye,0.082591583
OLV110U,Indian White-eye,0.137652639
OLV208R,Indian White-eye,0.165183167
OLV208U,Indian White-eye,0.082591583
PANMP1B,Indian White-eye,0.027530528
PANMP2B,Indian White-eye,0.165183167
PANMP3B,Indian White-eye,0.082591583
SEL107R,Indian White-eye,0.165183167
SEL107U,Indian White-eye,0.165183167
SEL207R,Indian White-eye,0.165183167
SEL207U,Indian White-eye,0.165183167
STIN02R,Indian White-eye,0.110122111
STIN02U,Indian White-eye,0.24777475
THEN10U,Indian White-eye,0.082591583
UPMAP1B,Indian White-eye,0.110122111
UPMAP3B,Indian White-eye,0.055061056
UPMAP4B,Indian White-eye,0.082591583
UPMAP5B,Indian White-eye,0.082591583
UPMAP6B,Indian White-eye,0.027530528
VAR210R,Indian White-eye,0.055061056
VAR310R,Indian White-eye,0.082591583
VAR310U,Indian White-eye,0.082591583
VAR410R,Indian White-eye,0.137652639
VAR410U,Indian White-eye,0.137652639
HP36P1B,Green Warbler,0.030652722
HP36P3B,Green Warbler,0.122610889
HP36P4B,Green Warbler,0.061305445
HP37P1B,Green Warbler,0
HP37P2B,Green Warbler,0.030652722
HP37P4B,Green Warbler,0.122610889
HP4008R,Green Warbler,0
HP4008U,Green Warbler,0.061305445
INBS04R,Green Warbler,0.275874501
INBS04U,Green Warbler,0.030652722
INME03R,Green Warbler,0.061305445
INME03U,Green Warbler,0.030652722
INOA03R,Green Warbler,0.245221778
IPTO04R,Green Warbler,0.183916334
IPTO04U,Green Warbler,0.030652722
IPTO06R,Green Warbler,0.183916334
IPTO06U,Green Warbler,0
OLCAP2B,Green Warbler,0.183916334
OLCAP3B,Green Warbler,0.183916334
OLV110R,Green Warbler,0.030652722
OLV110U,Green Warbler,0.306527223
OLV208R,Green Warbler,0.061305445
OLV208U,Green Warbler,0.122610889
PANMP1B,Green Warbler,0.183916334
PANMP2B,Green Warbler,0.091958167
PANMP3B,Green Warbler,0.061305445
SEL107R,Green Warbler,0.091958167
SEL107U,Green Warbler,0
SEL207R,Green Warbler,0
SEL207U,Green Warbler,0
STIN02R,Green Warbler,0.183916334
STIN02U,Green Warbler,0.122610889
THEN10U,Green Warbler,0.030652722
UPMAP1B,Green Warbler,0.214569056
UPMAP3B,Green Warbler,0.122610889
UPMAP4B,Green Warbler,0.275874501
UPMAP5B,Green Warbler,0.061305445
UPMAP6B,Green Warbler,0.337179945
VAR210R,Green Warbler,0.122610889
VAR310R,Green Warbler,0.122610889
VAR310U,Green Warbler,0
VAR410R,Green Warbler,0.091958167
VAR410U,Green Warbler,0.275874501
HP36P1B,Velvet-fronted Nuthatch,0.021943335
HP36P3B,Velvet-fronted Nuthatch,0.087773338
HP36P4B,Velvet-fronted Nuthatch,0.087773338
HP37P1B,Velvet-fronted Nuthatch,0.109716673
HP37P2B,Velvet-fronted Nuthatch,0
HP37P4B,Velvet-fronted Nuthatch,0.087773338
HP4008R,Velvet-fronted Nuthatch,0.021943335
HP4008U,Velvet-fronted Nuthatch,0.043886669
INBS04R,Velvet-fronted Nuthatch,0.153603342
INBS04U,Velvet-fronted Nuthatch,0.153603342
INME03R,Velvet-fronted Nuthatch,0.087773338
INME03U,Velvet-fronted Nuthatch,0.109716673
INOA03R,Velvet-fronted Nuthatch,0.087773338
IPTO04R,Velvet-fronted Nuthatch,0
IPTO04U,Velvet-fronted Nuthatch,0
IPTO06R,Velvet-fronted Nuthatch,0
IPTO06U,Velvet-fronted Nuthatch,0
OLCAP2B,Velvet-fronted Nuthatch,0.087773338
OLCAP3B,Velvet-fronted Nuthatch,0.043886669
OLV110R,Velvet-fronted Nuthatch,0
OLV110U,Velvet-fronted Nuthatch,0
OLV208R,Velvet-fronted Nuthatch,0.043886669
OLV208U,Velvet-fronted Nuthatch,0
PANMP1B,Velvet-fronted Nuthatch,0.065830004
PANMP2B,Velvet-fronted Nuthatch,0.131660007
PANMP3B,Velvet-fronted Nuthatch,0.109716673
SEL107R,Velvet-fronted Nuthatch,0.065830004
SEL107U,Velvet-fronted Nuthatch,0.087773338
SEL207R,Velvet-fronted Nuthatch,0.065830004
SEL207U,Velvet-fronted Nuthatch,0.065830004
STIN02R,Velvet-fronted Nuthatch,0.087773338
STIN02U,Velvet-fronted Nuthatch,0.065830004
THEN10U,Velvet-fronted Nuthatch,0.021943335
UPMAP1B,Velvet-fronted Nuthatch,0
UPMAP3B,Velvet-fronted Nuthatch,0.065830004
UPMAP4B,Velvet-fronted Nuthatch,0.043886669
UPMAP5B,Velvet-fronted Nuthatch,0.021943335
UPMAP6B,Velvet-fronted Nuthatch,0.109716673
VAR210R,Velvet-fronted Nuthatch,0.021943335
VAR310R,Velvet-fronted Nuthatch,0
VAR310U,Velvet-fronted Nuthatch,0.021943335
VAR410R,Velvet-fronted Nuthatch,0.021943335
VAR410U,Velvet-fronted Nuthatch,0.021943335
HP36P1B,Brown-cheeked Fulvetta,0.010377843
HP36P3B,Brown-cheeked Fulvetta,0.041511374
HP36P4B,Brown-cheeked Fulvetta,0.041511374
HP37P1B,Brown-cheeked Fulvetta,0.041511374
HP37P2B,Brown-cheeked Fulvetta,0.03113353
HP37P4B,Brown-cheeked Fulvetta,0.020755687
HP4008R,Brown-cheeked Fulvetta,0.03113353
HP4008U,Brown-cheeked Fulvetta,0
INBS04R,Brown-cheeked Fulvetta,0.010377843
INBS04U,Brown-cheeked Fulvetta,0
INME03R,Brown-cheeked Fulvetta,0
INME03U,Brown-cheeked Fulvetta,0
INOA03R,Brown-cheeked Fulvetta,0.010377843
IPTO04R,Brown-cheeked Fulvetta,0
IPTO04U,Brown-cheeked Fulvetta,0.020755687
IPTO06R,Brown-cheeked Fulvetta,0.010377843
IPTO06U,Brown-cheeked Fulvetta,0
OLCAP2B,Brown-cheeked Fulvetta,0.020755687
OLCAP3B,Brown-cheeked Fulvetta,0.051889217
OLV110R,Brown-cheeked Fulvetta,0.010377843
OLV110U,Brown-cheeked Fulvetta,0
OLV208R,Brown-cheeked Fulvetta,0.010377843
OLV208U,Brown-cheeked Fulvetta,0.010377843
PANMP1B,Brown-cheeked Fulvetta,0.051889217
PANMP2B,Brown-cheeked Fulvetta,0.03113353
PANMP3B,Brown-cheeked Fulvetta,0.041511374
SEL107R,Brown-cheeked Fulvetta,0
SEL107U,Brown-cheeked Fulvetta,0
SEL207R,Brown-cheeked Fulvetta,0
SEL207U,Brown-cheeked Fulvetta,0
STIN02R,Brown-cheeked Fulvetta,0
STIN02U,Brown-cheeked Fulvetta,0
THEN10U,Brown-cheeked Fulvetta,0
UPMAP1B,Brown-cheeked Fulvetta,0.020755687
UPMAP3B,Brown-cheeked Fulvetta,0.051889217
UPMAP4B,Brown-cheeked Fulvetta,0.041511374
UPMAP5B,Brown-cheeked Fulvetta,0.010377843
UPMAP6B,Brown-cheeked Fulvetta,0.083022748
VAR210R,Brown-cheeked Fulvetta,0
VAR310R,Brown-cheeked Fulvetta,0
VAR310U,Brown-cheeked Fulvetta,0.010377843
VAR410R,Brown-cheeked Fulvetta,0
VAR410U,Brown-cheeked Fulvetta,0
HP36P1B,Malabar Barbet,0
HP36P3B,Malabar Barbet,0.005875043
HP36P4B,Malabar Barbet,0.023500174
HP37P1B,Malabar Barbet,0.005875043
HP37P2B,Malabar Barbet,0
HP37P4B,Malabar Barbet,0.011750087
HP4008R,Malabar Barbet,0.035250261
HP4008U,Malabar Barbet,0.029375217
INBS04R,Malabar Barbet,0.01762513
INBS04U,Malabar Barbet,0
INME03R,Malabar Barbet,0.005875043
INME03U,Malabar Barbet,0
INOA03R,Malabar Barbet,0.011750087
IPTO04R,Malabar Barbet,0.005875043
IPTO04U,Malabar Barbet,0.005875043
IPTO06R,Malabar Barbet,0
IPTO06U,Malabar Barbet,0.011750087
OLCAP2B,Malabar Barbet,0
OLCAP3B,Malabar Barbet,0
OLV110R,Malabar Barbet,0.005875043
OLV110U,Malabar Barbet,0.005875043
OLV208R,Malabar Barbet,0
OLV208U,Malabar Barbet,0
PANMP1B,Malabar Barbet,0.011750087
PANMP2B,Malabar Barbet,0.005875043
PANMP3B,Malabar Barbet,0.011750087
SEL107R,Malabar Barbet,0
SEL107U,Malabar Barbet,0
SEL207R,Malabar Barbet,0.01762513
SEL207U,Malabar Barbet,0.011750087
STIN02R,Malabar Barbet,0.005875043
STIN02U,Malabar Barbet,0.011750087
THEN10U,Malabar Barbet,0.01762513
UPMAP1B,Malabar Barbet,0
UPMAP3B,Malabar Barbet,0.011750087
UPMAP4B,Malabar Barbet,0.011750087
UPMAP5B,Malabar Barbet,0
UPMAP6B,Malabar Barbet,0.011750087
VAR210R,Malabar Barbet,0
VAR310R,Malabar Barbet,0.023500174
VAR310U,Malabar Barbet,0.023500174
VAR410R,Malabar Barbet,0.005875043
VAR410U,Malabar Barbet,0.011750087
HP36P1B,Black-naped Monarch,0
HP36P3B,Black-naped Monarch,0.074851553
HP36P4B,Black-naped Monarch,0.074851553
HP37P1B,Black-naped Monarch,0.024950518
HP37P2B,Black-naped Monarch,0.049901035
HP37P4B,Black-naped Monarch,0.049901035
HP4008R,Black-naped Monarch,0.074851553
HP4008U,Black-naped Monarch,0
INBS04R,Black-naped Monarch,0
INBS04U,Black-naped Monarch,0
INME03R,Black-naped Monarch,0
INME03U,Black-naped Monarch,0.049901035
INOA03R,Black-naped Monarch,0
IPTO04R,Black-naped Monarch,0.024950518
IPTO04U,Black-naped Monarch,0.024950518
IPTO06R,Black-naped Monarch,0.09980207
IPTO06U,Black-naped Monarch,0
OLCAP2B,Black-naped Monarch,0.124752588
OLCAP3B,Black-naped Monarch,0.049901035
OLV110R,Black-naped Monarch,0
OLV110U,Black-naped Monarch,0
OLV208R,Black-naped Monarch,0
OLV208U,Black-naped Monarch,0
PANMP1B,Black-naped Monarch,0.074851553
PANMP2B,Black-naped Monarch,0.049901035
PANMP3B,Black-naped Monarch,0.149703106
SEL107R,Black-naped Monarch,0.049901035
SEL107U,Black-naped Monarch,0
SEL207R,Black-naped Monarch,0
SEL207U,Black-naped Monarch,0
STIN02R,Black-naped Monarch,0
STIN02U,Black-naped Monarch,0
THEN10U,Black-naped Monarch,0
UPMAP1B,Black-naped Monarch,0.049901035
UPMAP3B,Black-naped Monarch,0.124752588
UPMAP4B,Black-naped Monarch,0.074851553
UPMAP5B,Black-naped Monarch,0.024950518
UPMAP6B,Black-naped Monarch,0.074851553
VAR210R,Black-naped Monarch,0
VAR310R,Black-naped Monarch,0
VAR310U,Black-naped Monarch,0
VAR410R,Black-naped Monarch,0
VAR410U,Black-naped Monarch,0
HP36P1B,Brown-breasted Flycatcher,0
HP36P3B,Brown-breasted Flycatcher,0.047587545
HP36P4B,Brown-breasted Flycatcher,0.023793772
HP37P1B,Brown-breasted Flycatcher,0.047587545
HP37P2B,Brown-breasted Flycatcher,0
HP37P4B,Brown-breasted Flycatcher,0.047587545
HP4008R,Brown-breasted Flycatcher,0
HP4008U,Brown-breasted Flycatcher,0
INBS04R,Brown-breasted Flycatcher,0.047587545
INBS04U,Brown-breasted Flycatcher,0
INME03R,Brown-breasted Flycatcher,0.023793772
INME03U,Brown-breasted Flycatcher,0
INOA03R,Brown-breasted Flycatcher,0.09517509
IPTO04R,Brown-breasted Flycatcher,0
IPTO04U,Brown-breasted Flycatcher,0
IPTO06R,Brown-breasted Flycatcher,0.047587545
IPTO06U,Brown-breasted Flycatcher,0
OLCAP2B,Brown-breasted Flycatcher,0.047587545
OLCAP3B,Brown-breasted Flycatcher,0.09517509
OLV110R,Brown-breasted Flycatcher,0.023793772
OLV110U,Brown-breasted Flycatcher,0
OLV208R,Brown-breasted Flycatcher,0.023793772
OLV208U,Brown-breasted Flycatcher,0
PANMP1B,Brown-breasted Flycatcher,0.023793772
PANMP2B,Brown-breasted Flycatcher,0.071381317
PANMP3B,Brown-breasted Flycatcher,0.023793772
SEL107R,Brown-breasted Flycatcher,0.023793772
SEL107U,Brown-breasted Flycatcher,0
SEL207R,Brown-breasted Flycatcher,0.047587545
SEL207U,Brown-breasted Flycatcher,0
STIN02R,Brown-breasted Flycatcher,0.118968862
STIN02U,Brown-breasted Flycatcher,0
THEN10U,Brown-breasted Flycatcher,0
UPMAP1B,Brown-breasted Flycatcher,0
UPMAP3B,Brown-breasted Flycatcher,0.023793772
UPMAP4B,Brown-breasted Flycatcher,0.047587545
UPMAP5B,Brown-breasted Flycatcher,0.023793772
UPMAP6B,Brown-breasted Flycatcher,0
VAR210R,Brown-breasted Flycatcher,0
VAR310R,Brown-breasted Flycatcher,0
VAR310U,Brown-breasted Flycatcher,0
VAR410R,Brown-breasted Flycatcher,0
VAR410U,Brown-breasted Flycatcher,0.047587545
HP36P1B,Indian Blue Robin,0
HP36P3B,Indian Blue Robin,0.023111766
HP36P4B,Indian Blue Robin,0
HP37P1B,Indian Blue Robin,0.023111766
HP37P2B,Indian Blue Robin,0.046223533
HP37P4B,Indian Blue Robin,0.046223533
HP4008R,Indian Blue Robin,0
HP4008U,Indian Blue Robin,0.046223533
INBS04R,Indian Blue Robin,0
INBS04U,Indian Blue Robin,0
INME03R,Indian Blue Robin,0
INME03U,Indian Blue Robin,0.023111766
INOA03R,Indian Blue Robin,0.046223533
IPTO04R,Indian Blue Robin,0.023111766
IPTO04U,Indian Blue Robin,0
IPTO06R,Indian Blue Robin,0.023111766
IPTO06U,Indian Blue Robin,0
OLCAP2B,Indian Blue Robin,0.023111766
OLCAP3B,Indian Blue Robin,0.046223533
OLV110R,Indian Blue Robin,0
OLV110U,Indian Blue Robin,0
OLV208R,Indian Blue Robin,0.023111766
OLV208U,Indian Blue Robin,0.023111766
PANMP1B,Indian Blue Robin,0.115558832
PANMP2B,Indian Blue Robin,0.069335299
PANMP3B,Indian Blue Robin,0.046223533
SEL107R,Indian Blue Robin,0.046223533
SEL107U,Indian Blue Robin,0
SEL207R,Indian Blue Robin,0.069335299
SEL207U,Indian Blue Robin,0
STIN02R,Indian Blue Robin,0.046223533
STIN02U,Indian Blue Robin,0
THEN10U,Indian Blue Robin,0.046223533
UPMAP1B,Indian Blue Robin,0.023111766
UPMAP3B,Indian Blue Robin,0.023111766
UPMAP4B,Indian Blue Robin,0
UPMAP5B,Indian Blue Robin,0.023111766
UPMAP6B,Indian Blue Robin,0
VAR210R,Indian Blue Robin,0.046223533
VAR310R,Indian Blue Robin,0.023111766
VAR310U,Indian Blue Robin,0
VAR410R,Indian Blue Robin,0
VAR410U,Indian Blue Robin,0.023111766
HP36P1B,Malabar Trogon,0
HP36P3B,Malabar Trogon,0.010696627
HP36P4B,Malabar Trogon,0.010696627
HP37P1B,Malabar Trogon,0
HP37P2B,Malabar Trogon,0.010696627
HP37P4B,Malabar Trogon,0
HP4008R,Malabar Trogon,0
HP4008U,Malabar Trogon,0
INBS04R,Malabar Trogon,0.010696627
INBS04U,Malabar Trogon,0
INME03R,Malabar Trogon,0
INME03U,Malabar Trogon,0
INOA03R,Malabar Trogon,0
IPTO04R,Malabar Trogon,0
IPTO04U,Malabar Trogon,0
IPTO06R,Malabar Trogon,0
IPTO06U,Malabar Trogon,0
OLCAP2B,Malabar Trogon,0.021393255
OLCAP3B,Malabar Trogon,0
OLV110R,Malabar Trogon,0
OLV110U,Malabar Trogon,0
OLV208R,Malabar Trogon,0
OLV208U,Malabar Trogon,0
PANMP1B,Malabar Trogon,0.04278651
PANMP2B,Malabar Trogon,0.032089882
PANMP3B,Malabar Trogon,0
SEL107R,Malabar Trogon,0
SEL107U,Malabar Trogon,0
SEL207R,Malabar Trogon,0
SEL207U,Malabar Trogon,0
STIN02R,Malabar Trogon,0
STIN02U,Malabar Trogon,0
THEN10U,Malabar Trogon,0
UPMAP1B,Malabar Trogon,0.010696627
UPMAP3B,Malabar Trogon,0.010696627
UPMAP4B,Malabar Trogon,0.010696627
UPMAP5B,Malabar Trogon,0.032089882
UPMAP6B,Malabar Trogon,0.010696627
VAR210R,Malabar Trogon,0
VAR310R,Malabar Trogon,0.010696627
VAR310U,Malabar Trogon,0
VAR410R,Malabar Trogon,0
VAR410U,Malabar Trogon,0
HP36P1B,Asian Emerald Dove,0
HP36P3B,Asian Emerald Dove,0.005186975
HP36P4B,Asian Emerald Dove,0
HP37P1B,Asian Emerald Dove,0.015560926
HP37P2B,Asian Emerald Dove,0.010373951
HP37P4B,Asian Emerald Dove,0
HP4008R,Asian Emerald Dove,0.010373951
HP4008U,Asian Emerald Dove,0.015560926
INBS04R,Asian Emerald Dove,0.005186975
INBS04U,Asian Emerald Dove,0
INME03R,Asian Emerald Dove,0
INME03U,Asian Emerald Dove,0
INOA03R,Asian Emerald Dove,0
IPTO04R,Asian Emerald Dove,0
IPTO04U,Asian Emerald Dove,0.010373951
IPTO06R,Asian Emerald Dove,0
IPTO06U,Asian Emerald Dove,0
OLCAP2B,Asian Emerald Dove,0.025934877
OLCAP3B,Asian Emerald Dove,0.020747901
OLV110R,Asian Emerald Dove,0
OLV110U,Asian Emerald Dove,0
OLV208R,Asian Emerald Dove,0
OLV208U,Asian Emerald Dove,0
PANMP1B,Asian Emerald Dove,0.010373951
PANMP2B,Asian Emerald Dove,0
PANMP3B,Asian Emerald Dove,0.015560926
SEL107R,Asian Emerald Dove,0
SEL107U,Asian Emerald Dove,0
SEL207R,Asian Emerald Dove,0.005186975
SEL207U,Asian Emerald Dove,0
STIN02R,Asian Emerald Dove,0
STIN02U,Asian Emerald Dove,0.005186975
THEN10U,Asian Emerald Dove,0
UPMAP1B,Asian Emerald Dove,0.015560926
UPMAP3B,Asian Emerald Dove,0.015560926
UPMAP4B,Asian Emerald Dove,0
UPMAP5B,Asian Emerald Dove,0.005186975
UPMAP6B,Asian Emerald Dove,0
VAR210R,Asian Emerald Dove,0
VAR310R,Asian Emerald Dove,0.005186975
VAR310U,Asian Emerald Dove,0
VAR410R,Asian Emerald Dove,0
VAR410U,Asian Emerald Dove,0
HP36P1B,Little Spiderhunter,0
HP36P3B,Little Spiderhunter,0.011551479
HP36P4B,Little Spiderhunter,0
HP37P1B,Little Spiderhunter,0.046205914
HP37P2B,Little Spiderhunter,0.046205914
HP37P4B,Little Spiderhunter,0.023102957
HP4008R,Little Spiderhunter,0
HP4008U,Little Spiderhunter,0.023102957
INBS04R,Little Spiderhunter,0.069308872
INBS04U,Little Spiderhunter,0.011551479
INME03R,Little Spiderhunter,0
INME03U,Little Spiderhunter,0
INOA03R,Little Spiderhunter,0.046205914
IPTO04R,Little Spiderhunter,0
IPTO04U,Little Spiderhunter,0
IPTO06R,Little Spiderhunter,0
IPTO06U,Little Spiderhunter,0
OLCAP2B,Little Spiderhunter,0
OLCAP3B,Little Spiderhunter,0
OLV110R,Little Spiderhunter,0.011551479
OLV110U,Little Spiderhunter,0.011551479
OLV208R,Little Spiderhunter,0.011551479
OLV208U,Little Spiderhunter,0
PANMP1B,Little Spiderhunter,0.011551479
PANMP2B,Little Spiderhunter,0
PANMP3B,Little Spiderhunter,0.034654436
SEL107R,Little Spiderhunter,0.011551479
SEL107U,Little Spiderhunter,0
SEL207R,Little Spiderhunter,0.011551479
SEL207U,Little Spiderhunter,0
STIN02R,Little Spiderhunter,0.023102957
STIN02U,Little Spiderhunter,0
THEN10U,Little Spiderhunter,0
UPMAP1B,Little Spiderhunter,0.034654436
UPMAP3B,Little Spiderhunter,0.023102957
UPMAP4B,Little Spiderhunter,0
UPMAP5B,Little Spiderhunter,0
UPMAP6B,Little Spiderhunter,0
VAR210R,Little Spiderhunter,0
VAR310R,Little Spiderhunter,0
VAR310U,Little Spiderhunter,0
VAR410R,Little Spiderhunter,0
VAR410U,Little Spiderhunter,0
HP36P1B,Chestnut-headed Bee-eater,0
HP36P3B,Chestnut-headed Bee-eater,0
HP36P4B,Chestnut-headed Bee-eater,0.008166639
HP37P1B,Chestnut-headed Bee-eater,0
HP37P2B,Chestnut-headed Bee-eater,0
HP37P4B,Chestnut-headed Bee-eater,0
HP4008R,Chestnut-headed Bee-eater,0.008166639
HP4008U,Chestnut-headed Bee-eater,0.008166639
INBS04R,Chestnut-headed Bee-eater,0.008166639
INBS04U,Chestnut-headed Bee-eater,0.016333277
INME03R,Chestnut-headed Bee-eater,0.032666554
INME03U,Chestnut-headed Bee-eater,0.016333277
INOA03R,Chestnut-headed Bee-eater,0
IPTO04R,Chestnut-headed Bee-eater,0.008166639
IPTO04U,Chestnut-headed Bee-eater,0
IPTO06R,Chestnut-headed Bee-eater,0.016333277
IPTO06U,Chestnut-headed Bee-eater,0.008166639
OLCAP2B,Chestnut-headed Bee-eater,0
OLCAP3B,Chestnut-headed Bee-eater,0
OLV110R,Chestnut-headed Bee-eater,0
OLV110U,Chestnut-headed Bee-eater,0
OLV208R,Chestnut-headed Bee-eater,0
OLV208U,Chestnut-headed Bee-eater,0
PANMP1B,Chestnut-headed Bee-eater,0.008166639
PANMP2B,Chestnut-headed Bee-eater,0.024499916
PANMP3B,Chestnut-headed Bee-eater,0.032666554
SEL107R,Chestnut-headed Bee-eater,0.008166639
SEL107U,Chestnut-headed Bee-eater,0.032666554
SEL207R,Chestnut-headed Bee-eater,0.008166639
SEL207U,Chestnut-headed Bee-eater,0.024499916
STIN02R,Chestnut-headed Bee-eater,0.032666554
STIN02U,Chestnut-headed Bee-eater,0.024499916
THEN10U,Chestnut-headed Bee-eater,0
UPMAP1B,Chestnut-headed Bee-eater,0.016333277
UPMAP3B,Chestnut-headed Bee-eater,0
UPMAP4B,Chestnut-headed Bee-eater,0.016333277
UPMAP5B,Chestnut-headed Bee-eater,0
UPMAP6B,Chestnut-headed Bee-eater,0.008166639
VAR210R,Chestnut-headed Bee-eater,0
VAR310R,Chestnut-headed Bee-eater,0.008166639
VAR310U,Chestnut-headed Bee-eater,0
VAR410R,Chestnut-headed Bee-eater,0.032666554
VAR410U,Chestnut-headed Bee-eater,0.008166639
HP36P1B,Greater Flameback,0
HP36P3B,Greater Flameback,0
HP36P4B,Greater Flameback,0.025134217
HP37P1B,Greater Flameback,0.025134217
HP37P2B,Greater Flameback,0.037701326
HP37P4B,Greater Flameback,0
HP4008R,Greater Flameback,0.012567109
HP4008U,Greater Flameback,0.012567109
INBS04R,Greater Flameback,0.012567109
INBS04U,Greater Flameback,0
INME03R,Greater Flameback,0.012567109
INME03U,Greater Flameback,0
INOA03R,Greater Flameback,0.025134217
IPTO04R,Greater Flameback,0
IPTO04U,Greater Flameback,0.012567109
IPTO06R,Greater Flameback,0
IPTO06U,Greater Flameback,0.012567109
OLCAP2B,Greater Flameback,0
OLCAP3B,Greater Flameback,0
OLV110R,Greater Flameback,0
OLV110U,Greater Flameback,0.012567109
OLV208R,Greater Flameback,0
OLV208U,Greater Flameback,0
PANMP1B,Greater Flameback,0.012567109
PANMP2B,Greater Flameback,0.025134217
PANMP3B,Greater Flameback,0.025134217
SEL107R,Greater Flameback,0
SEL107U,Greater Flameback,0
SEL207R,Greater Flameback,0.012567109
SEL207U,Greater Flameback,0.012567109
STIN02R,Greater Flameback,0
STIN02U,Greater Flameback,0
THEN10U,Greater Flameback,0
UPMAP1B,Greater Flameback,0
UPMAP3B,Greater Flameback,0
UPMAP4B,Greater Flameback,0.025134217
UPMAP5B,Greater Flameback,0.012567109
UPMAP6B,Greater Flameback,0.012567109
VAR210R,Greater Flameback,0
VAR310R,Greater Flameback,0.025134217
VAR310U,Greater Flameback,0
VAR410R,Greater Flameback,0
VAR410U,Greater Flameback,0
HP36P1B,Large-billed Crow,0
HP36P3B,Large-billed Crow,0
HP36P4B,Large-billed Crow,0.038448915
HP37P1B,Large-billed Crow,0
HP37P2B,Large-billed Crow,0.019224457
HP37P4B,Large-billed Crow,0.038448915
HP4008R,Large-billed Crow,0
HP4008U,Large-billed Crow,0
INBS04R,Large-billed Crow,0.057673372
INBS04U,Large-billed Crow,0.019224457
INME03R,Large-billed Crow,0.038448915
INME03U,Large-billed Crow,0.057673372
INOA03R,Large-billed Crow,0.057673372
IPTO04R,Large-billed Crow,0
IPTO04U,Large-billed Crow,0.019224457
IPTO06R,Large-billed Crow,0.038448915
IPTO06U,Large-billed Crow,0
OLCAP2B,Large-billed Crow,0.019224457
OLCAP3B,Large-billed Crow,0
OLV110R,Large-billed Crow,0.038448915
OLV110U,Large-billed Crow,0
OLV208R,Large-billed Crow,0.019224457
OLV208U,Large-billed Crow,0.076897829
PANMP1B,Large-billed Crow,0.019224457
PANMP2B,Large-billed Crow,0
PANMP3B,Large-billed Crow,0
SEL107R,Large-billed Crow,0.096122287
SEL107U,Large-billed Crow,0.019224457
SEL207R,Large-billed Crow,0
SEL207U,Large-billed Crow,0.076897829
STIN02R,Large-billed Crow,0.096122287
STIN02U,Large-billed Crow,0.019224457
THEN10U,Large-billed Crow,0
UPMAP1B,Large-billed Crow,0.038448915
UPMAP3B,Large-billed Crow,0.019224457
UPMAP4B,Large-billed Crow,0
UPMAP5B,Large-billed Crow,0
UPMAP6B,Large-billed Crow,0.038448915
VAR210R,Large-billed Crow,0.038448915
VAR310R,Large-billed Crow,0.096122287
VAR310U,Large-billed Crow,0
VAR410R,Large-billed Crow,0.076897829
VAR410U,Large-billed Crow,0
HP36P1B,Greater Coucal,0
HP36P3B,Greater Coucal,0
HP36P4B,Greater Coucal,0.018054975
HP37P1B,Greater Coucal,0
HP37P2B,Greater Coucal,0
HP37P4B,Greater Coucal,0
HP4008R,Greater Coucal,0.009027488
HP4008U,Greater Coucal,0
INBS04R,Greater Coucal,0
INBS04U,Greater Coucal,0.009027488
INME03R,Greater Coucal,0.009027488
INME03U,Greater Coucal,0
INOA03R,Greater Coucal,0.009027488
IPTO04R,Greater Coucal,0.009027488
IPTO04U,Greater Coucal,0.009027488
IPTO06R,Greater Coucal,0.009027488
IPTO06U,Greater Coucal,0.018054975
OLCAP2B,Greater Coucal,0.027082463
OLCAP3B,Greater Coucal,0.018054975
OLV110R,Greater Coucal,0
OLV110U,Greater Coucal,0.018054975
OLV208R,Greater Coucal,0.009027488
OLV208U,Greater Coucal,0
PANMP1B,Greater Coucal,0.018054975
PANMP2B,Greater Coucal,0.045137438
PANMP3B,Greater Coucal,0.045137438
SEL107R,Greater Coucal,0.03610995
SEL107U,Greater Coucal,0.018054975
SEL207R,Greater Coucal,0.018054975
SEL207U,Greater Coucal,0.009027488
STIN02R,Greater Coucal,0
STIN02U,Greater Coucal,0.009027488
THEN10U,Greater Coucal,0.027082463
UPMAP1B,Greater Coucal,0
UPMAP3B,Greater Coucal,0
UPMAP4B,Greater Coucal,0
UPMAP5B,Greater Coucal,0
UPMAP6B,Greater Coucal,0
VAR210R,Greater Coucal,0
VAR310R,Greater Coucal,0.009027488
VAR310U,Greater Coucal,0.018054975
VAR410R,Greater Coucal,0.009027488
VAR410U,Greater Coucal,0.009027488
HP36P1B,Malabar Parakeet,0
HP36P3B,Malabar Parakeet,0
HP36P4B,Malabar Parakeet,0.031422495
HP37P1B,Malabar Parakeet,0
HP37P2B,Malabar Parakeet,0
HP37P4B,Malabar Parakeet,0
HP4008R,Malabar Parakeet,0
HP4008U,Malabar Parakeet,0
INBS04R,Malabar Parakeet,0.031422495
INBS04U,Malabar Parakeet,0.031422495
INME03R,Malabar Parakeet,0.125689978
INME03U,Malabar Parakeet,0.031422495
INOA03R,Malabar Parakeet,0.188534968
IPTO04R,Malabar Parakeet,0
IPTO04U,Malabar Parakeet,0
IPTO06R,Malabar Parakeet,0
IPTO06U,Malabar Parakeet,0
OLCAP2B,Malabar Parakeet,0.031422495
OLCAP3B,Malabar Parakeet,0
OLV110R,Malabar Parakeet,0.094267484
OLV110U,Malabar Parakeet,0
OLV208R,Malabar Parakeet,0.062844989
OLV208U,Malabar Parakeet,0
PANMP1B,Malabar Parakeet,0
PANMP2B,Malabar Parakeet,0
PANMP3B,Malabar Parakeet,0
SEL107R,Malabar Parakeet,0.031422495
SEL107U,Malabar Parakeet,0.094267484
SEL207R,Malabar Parakeet,0.125689978
SEL207U,Malabar Parakeet,0.062844989
STIN02R,Malabar Parakeet,0.031422495
STIN02U,Malabar Parakeet,0
THEN10U,Malabar Parakeet,0.062844989
UPMAP1B,Malabar Parakeet,0.062844989
UPMAP3B,Malabar Parakeet,0
UPMAP4B,Malabar Parakeet,0
UPMAP5B,Malabar Parakeet,0
UPMAP6B,Malabar Parakeet,0
VAR210R,Malabar Parakeet,0.031422495
VAR310R,Malabar Parakeet,0
VAR310U,Malabar Parakeet,0.031422495
VAR410R,Malabar Parakeet,0.031422495
VAR410U,Malabar Parakeet,0.031422495
HP36P1B,Ashy Drongo,0
HP36P3B,Ashy Drongo,0
HP36P4B,Ashy Drongo,0
HP37P1B,Ashy Drongo,0.024012457
HP37P2B,Ashy Drongo,0
HP37P4B,Ashy Drongo,0.024012457
HP4008R,Ashy Drongo,0
HP4008U,Ashy Drongo,0.024012457
INBS04R,Ashy Drongo,0.024012457
INBS04U,Ashy Drongo,0.048024914
INME03R,Ashy Drongo,0.120062284
INME03U,Ashy Drongo,0.024012457
INOA03R,Ashy Drongo,0.048024914
IPTO04R,Ashy Drongo,0.024012457
IPTO04U,Ashy Drongo,0.048024914
IPTO06R,Ashy Drongo,0
IPTO06U,Ashy Drongo,0.024012457
OLCAP2B,Ashy Drongo,0
OLCAP3B,Ashy Drongo,0.048024914
OLV110R,Ashy Drongo,0
OLV110U,Ashy Drongo,0.024012457
OLV208R,Ashy Drongo,0.096049827
OLV208U,Ashy Drongo,0
PANMP1B,Ashy Drongo,0.024012457
PANMP2B,Ashy Drongo,0
PANMP3B,Ashy Drongo,0.048024914
SEL107R,Ashy Drongo,0.024012457
SEL107U,Ashy Drongo,0
SEL207R,Ashy Drongo,0.024012457
SEL207U,Ashy Drongo,0.024012457
STIN02R,Ashy Drongo,0.096049827
STIN02U,Ashy Drongo,0.120062284
THEN10U,Ashy Drongo,0.072037371
UPMAP1B,Ashy Drongo,0
UPMAP3B,Ashy Drongo,0.072037371
UPMAP4B,Ashy Drongo,0
UPMAP5B,Ashy Drongo,0.024012457
UPMAP6B,Ashy Drongo,0.048024914
VAR210R,Ashy Drongo,0.024012457
VAR310R,Ashy Drongo,0.024012457
VAR310U,Ashy Drongo,0
VAR410R,Ashy Drongo,0
VAR410U,Ashy Drongo,0
HP36P1B,White-bellied Treepie,0
HP36P3B,White-bellied Treepie,0
HP36P4B,White-bellied Treepie,0
HP37P1B,White-bellied Treepie,0.006451029
HP37P2B,White-bellied Treepie,0
HP37P4B,White-bellied Treepie,0
HP4008R,White-bellied Treepie,0
HP4008U,White-bellied Treepie,0.006451029
INBS04R,White-bellied Treepie,0
INBS04U,White-bellied Treepie,0
INME03R,White-bellied Treepie,0
INME03U,White-bellied Treepie,0
INOA03R,White-bellied Treepie,0
IPTO04R,White-bellied Treepie,0.006451029
IPTO04U,White-bellied Treepie,0
IPTO06R,White-bellied Treepie,0
IPTO06U,White-bellied Treepie,0
OLCAP2B,White-bellied Treepie,0.006451029
OLCAP3B,White-bellied Treepie,0.006451029
OLV110R,White-bellied Treepie,0.006451029
OLV110U,White-bellied Treepie,0
OLV208R,White-bellied Treepie,0
OLV208U,White-bellied Treepie,0
PANMP1B,White-bellied Treepie,0
PANMP2B,White-bellied Treepie,0
PANMP3B,White-bellied Treepie,0.012902057
SEL107R,White-bellied Treepie,0
SEL107U,White-bellied Treepie,0
SEL207R,White-bellied Treepie,0
SEL207U,White-bellied Treepie,0
STIN02R,White-bellied Treepie,0
STIN02U,White-bellied Treepie,0
THEN10U,White-bellied Treepie,0
UPMAP1B,White-bellied Treepie,0.006451029
UPMAP3B,White-bellied Treepie,0
UPMAP4B,White-bellied Treepie,0
UPMAP5B,White-bellied Treepie,0.006451029
UPMAP6B,White-bellied Treepie,0
VAR210R,White-bellied Treepie,0
VAR310R,White-bellied Treepie,0.025804115
VAR310U,White-bellied Treepie,0.025804115
VAR410R,White-bellied Treepie,0.012902057
VAR410U,White-bellied Treepie,0
HP36P1B,Malabar Gray Hornbill,0
HP36P3B,Malabar Gray Hornbill,0
HP36P4B,Malabar Gray Hornbill,0
HP37P1B,Malabar Gray Hornbill,0
HP37P2B,Malabar Gray Hornbill,0.0054578
HP37P4B,Malabar Gray Hornbill,0
HP4008R,Malabar Gray Hornbill,0.0054578
HP4008U,Malabar Gray Hornbill,0
INBS04R,Malabar Gray Hornbill,0.0054578
INBS04U,Malabar Gray Hornbill,0.0054578
INME03R,Malabar Gray Hornbill,0
INME03U,Malabar Gray Hornbill,0.0054578
INOA03R,Malabar Gray Hornbill,0
IPTO04R,Malabar Gray Hornbill,0
IPTO04U,Malabar Gray Hornbill,0
IPTO06R,Malabar Gray Hornbill,0.0054578
IPTO06U,Malabar Gray Hornbill,0
OLCAP2B,Malabar Gray Hornbill,0
OLCAP3B,Malabar Gray Hornbill,0
OLV110R,Malabar Gray Hornbill,0.0109156
OLV110U,Malabar Gray Hornbill,0
OLV208R,Malabar Gray Hornbill,0.0054578
OLV208U,Malabar Gray Hornbill,0.0054578
PANMP1B,Malabar Gray Hornbill,0
PANMP2B,Malabar Gray Hornbill,0.0109156
PANMP3B,Malabar Gray Hornbill,0.027289
SEL107R,Malabar Gray Hornbill,0.0054578
SEL107U,Malabar Gray Hornbill,0
SEL207R,Malabar Gray Hornbill,0.0218312
SEL207U,Malabar Gray Hornbill,0
STIN02R,Malabar Gray Hornbill,0.0218312
STIN02U,Malabar Gray Hornbill,0.0054578
THEN10U,Malabar Gray Hornbill,0
UPMAP1B,Malabar Gray Hornbill,0
UPMAP3B,Malabar Gray Hornbill,0.0054578
UPMAP4B,Malabar Gray Hornbill,0
UPMAP5B,Malabar Gray Hornbill,0
UPMAP6B,Malabar Gray Hornbill,0.0109156
VAR210R,Malabar Gray Hornbill,0
VAR310R,Malabar Gray Hornbill,0.0109156
VAR310U,Malabar Gray Hornbill,0.0163734
VAR410R,Malabar Gray Hornbill,0.0054578
VAR410U,Malabar Gray Hornbill,0.0163734
HP36P1B,Red-whiskered Bulbul,0
HP36P3B,Red-whiskered Bulbul,0
HP36P4B,Red-whiskered Bulbul,0
HP37P1B,Red-whiskered Bulbul,0
HP37P2B,Red-whiskered Bulbul,0
HP37P4B,Red-whiskered Bulbul,0.021751158
HP4008R,Red-whiskered Bulbul,0.152258107
HP4008U,Red-whiskered Bulbul,0.152258107
INBS04R,Red-whiskered Bulbul,0.043502316
INBS04U,Red-whiskered Bulbul,0.152258107
INME03R,Red-whiskered Bulbul,0.043502316
INME03U,Red-whiskered Bulbul,0.152258107
INOA03R,Red-whiskered Bulbul,0.043502316
IPTO04R,Red-whiskered Bulbul,0.108755791
IPTO04U,Red-whiskered Bulbul,0.087004633
IPTO06R,Red-whiskered Bulbul,0.043502316
IPTO06U,Red-whiskered Bulbul,0.174009265
OLCAP2B,Red-whiskered Bulbul,0
OLCAP3B,Red-whiskered Bulbul,0
OLV110R,Red-whiskered Bulbul,0
OLV110U,Red-whiskered Bulbul,0.087004633
OLV208R,Red-whiskered Bulbul,0
OLV208U,Red-whiskered Bulbul,0.130506949
PANMP1B,Red-whiskered Bulbul,0
PANMP2B,Red-whiskered Bulbul,0.021751158
PANMP3B,Red-whiskered Bulbul,0.021751158
SEL107R,Red-whiskered Bulbul,0.108755791
SEL107U,Red-whiskered Bulbul,0.369769689
SEL207R,Red-whiskered Bulbul,0.065253474
SEL207U,Red-whiskered Bulbul,0.152258107
STIN02R,Red-whiskered Bulbul,0.087004633
STIN02U,Red-whiskered Bulbul,0.23926274
THEN10U,Red-whiskered Bulbul,0.021751158
UPMAP1B,Red-whiskered Bulbul,0
UPMAP3B,Red-whiskered Bulbul,0
UPMAP4B,Red-whiskered Bulbul,0
UPMAP5B,Red-whiskered Bulbul,0
UPMAP6B,Red-whiskered Bulbul,0
VAR210R,Red-whiskered Bulbul,0.087004633
VAR310R,Red-whiskered Bulbul,0.130506949
VAR310U,Red-whiskered Bulbul,0.195760423
VAR410R,Red-whiskered Bulbul,0.043502316
VAR410U,Red-whiskered Bulbul,0.108755791
HP36P1B,Spotted Dove,0
HP36P3B,Spotted Dove,0
HP36P4B,Spotted Dove,0
HP37P1B,Spotted Dove,0
HP37P2B,Spotted Dove,0
HP37P4B,Spotted Dove,0
HP4008R,Spotted Dove,0.03107572
HP4008U,Spotted Dove,0.041434293
INBS04R,Spotted Dove,0.051792866
INBS04U,Spotted Dove,0.03107572
INME03R,Spotted Dove,0.020717146
INME03U,Spotted Dove,0.020717146
INOA03R,Spotted Dove,0.041434293
IPTO04R,Spotted Dove,0.020717146
IPTO04U,Spotted Dove,0.03107572
IPTO06R,Spotted Dove,0.010358573
IPTO06U,Spotted Dove,0.020717146
OLCAP2B,Spotted Dove,0
OLCAP3B,Spotted Dove,0
OLV110R,Spotted Dove,0.03107572
OLV110U,Spotted Dove,0.010358573
OLV208R,Spotted Dove,0
OLV208U,Spotted Dove,0.020717146
PANMP1B,Spotted Dove,0
PANMP2B,Spotted Dove,0
PANMP3B,Spotted Dove,0
SEL107R,Spotted Dove,0.020717146
SEL107U,Spotted Dove,0.03107572
SEL207R,Spotted Dove,0.03107572
SEL207U,Spotted Dove,0.072510012
STIN02R,Spotted Dove,0.051792866
STIN02U,Spotted Dove,0.051792866
THEN10U,Spotted Dove,0.03107572
UPMAP1B,Spotted Dove,0
UPMAP3B,Spotted Dove,0
UPMAP4B,Spotted Dove,0
UPMAP5B,Spotted Dove,0
UPMAP6B,Spotted Dove,0
VAR210R,Spotted Dove,0.041434293
VAR310R,Spotted Dove,0.010358573
VAR310U,Spotted Dove,0.020717146
VAR410R,Spotted Dove,0.041434293
VAR410U,Spotted Dove,0.041434293
HP36P1B,Blyth's Reed Warbler,0
HP36P3B,Blyth's Reed Warbler,0
HP36P4B,Blyth's Reed Warbler,0
HP37P1B,Blyth's Reed Warbler,0
HP37P2B,Blyth's Reed Warbler,0
HP37P4B,Blyth's Reed Warbler,0
HP4008R,Blyth's Reed Warbler,0.045694922
HP4008U,Blyth's Reed Warbler,0.045694922
INBS04R,Blyth's Reed Warbler,0
INBS04U,Blyth's Reed Warbler,0.137084766
INME03R,Blyth's Reed Warbler,0
INME03U,Blyth's Reed Warbler,0.045694922
INOA03R,Blyth's Reed Warbler,0
IPTO04R,Blyth's Reed Warbler,0
IPTO04U,Blyth's Reed Warbler,0
IPTO06R,Blyth's Reed Warbler,0.137084766
IPTO06U,Blyth's Reed Warbler,0.274169531
OLCAP2B,Blyth's Reed Warbler,0
OLCAP3B,Blyth's Reed Warbler,0
OLV110R,Blyth's Reed Warbler,0
OLV110U,Blyth's Reed Warbler,0.137084766
OLV208R,Blyth's Reed Warbler,0
OLV208U,Blyth's Reed Warbler,0.137084766
PANMP1B,Blyth's Reed Warbler,0
PANMP2B,Blyth's Reed Warbler,0
PANMP3B,Blyth's Reed Warbler,0
SEL107R,Blyth's Reed Warbler,0
SEL107U,Blyth's Reed Warbler,0.045694922
SEL207R,Blyth's Reed Warbler,0.137084766
SEL207U,Blyth's Reed Warbler,0.045694922
STIN02R,Blyth's Reed Warbler,0.091389844
STIN02U,Blyth's Reed Warbler,0.137084766
THEN10U,Blyth's Reed Warbler,0
UPMAP1B,Blyth's Reed Warbler,0
UPMAP3B,Blyth's Reed Warbler,0
UPMAP4B,Blyth's Reed Warbler,0
UPMAP5B,Blyth's Reed Warbler,0
UPMAP6B,Blyth's Reed Warbler,0
VAR210R,Blyth's Reed Warbler,0
VAR310R,Blyth's Reed Warbler,0.045694922
VAR310U,Blyth's Reed Warbler,0
VAR410R,Blyth's Reed Warbler,0.045694922
VAR410U,Blyth's Reed Warbler,0.456949219
HP36P1B,Purple Sunbird,0
HP36P3B,Purple Sunbird,0
HP36P4B,Purple Sunbird,0
HP37P1B,Purple Sunbird,0
HP37P2B,Purple Sunbird,0
HP37P4B,Purple Sunbird,0
HP4008R,Purple Sunbird,0.083883977
HP4008U,Purple Sunbird,0.125825965
INBS04R,Purple Sunbird,0.041941988
INBS04U,Purple Sunbird,0.083883977
INME03R,Purple Sunbird,0
INME03U,Purple Sunbird,0.083883977
INOA03R,Purple Sunbird,0
IPTO04R,Purple Sunbird,0
IPTO04U,Purple Sunbird,0.041941988
IPTO06R,Purple Sunbird,0
IPTO06U,Purple Sunbird,0.041941988
OLCAP2B,Purple Sunbird,0
OLCAP3B,Purple Sunbird,0
OLV110R,Purple Sunbird,0
OLV110U,Purple Sunbird,0
OLV208R,Purple Sunbird,0
OLV208U,Purple Sunbird,0.125825965
PANMP1B,Purple Sunbird,0
PANMP2B,Purple Sunbird,0
PANMP3B,Purple Sunbird,0
SEL107R,Purple Sunbird,0
SEL107U,Purple Sunbird,0.083883977
SEL207R,Purple Sunbird,0
SEL207U,Purple Sunbird,0.041941988
STIN02R,Purple Sunbird,0
STIN02U,Purple Sunbird,0.125825965
THEN10U,Purple Sunbird,0.041941988
UPMAP1B,Purple Sunbird,0
UPMAP3B,Purple Sunbird,0
UPMAP4B,Purple Sunbird,0
UPMAP5B,Purple Sunbird,0
UPMAP6B,Purple Sunbird,0
VAR210R,Purple Sunbird,0.041941988
VAR310R,Purple Sunbird,0
VAR310U,Purple Sunbird,0.041941988
VAR410R,Purple Sunbird,0.083883977
VAR410U,Purple Sunbird,0.041941988
HP36P1B,Plum-headed Parakeet,0
HP36P3B,Plum-headed Parakeet,0
HP36P4B,Plum-headed Parakeet,0
HP37P1B,Plum-headed Parakeet,0
HP37P2B,Plum-headed Parakeet,0
HP37P4B,Plum-headed Parakeet,0
HP4008R,Plum-headed Parakeet,0
HP4008U,Plum-headed Parakeet,0
INBS04R,Plum-headed Parakeet,0.024236056
INBS04U,Plum-headed Parakeet,0.096944223
INME03R,Plum-headed Parakeet,0.024236056
INME03U,Plum-headed Parakeet,0
INOA03R,Plum-headed Parakeet,0.096944223
IPTO04R,Plum-headed Parakeet,0
IPTO04U,Plum-headed Parakeet,0
IPTO06R,Plum-headed Parakeet,0
IPTO06U,Plum-headed Parakeet,0
OLCAP2B,Plum-headed Parakeet,0
OLCAP3B,Plum-headed Parakeet,0
OLV110R,Plum-headed Parakeet,0
OLV110U,Plum-headed Parakeet,0
OLV208R,Plum-headed Parakeet,0.024236056
OLV208U,Plum-headed Parakeet,0
PANMP1B,Plum-headed Parakeet,0
PANMP2B,Plum-headed Parakeet,0
PANMP3B,Plum-headed Parakeet,0
SEL107R,Plum-headed Parakeet,0.096944223
SEL107U,Plum-headed Parakeet,0.048472111
SEL207R,Plum-headed Parakeet,0.048472111
SEL207U,Plum-headed Parakeet,0.072708167
STIN02R,Plum-headed Parakeet,0.024236056
STIN02U,Plum-headed Parakeet,0
THEN10U,Plum-headed Parakeet,0.048472111
UPMAP1B,Plum-headed Parakeet,0
UPMAP3B,Plum-headed Parakeet,0
UPMAP4B,Plum-headed Parakeet,0
UPMAP5B,Plum-headed Parakeet,0.024236056
UPMAP6B,Plum-headed Parakeet,0
VAR210R,Plum-headed Parakeet,0.024236056
VAR310R,Plum-headed Parakeet,0
VAR310U,Plum-headed Parakeet,0
VAR410R,Plum-headed Parakeet,0
VAR410U,Plum-headed Parakeet,0.024236056
HP36P1B,Common Tailorbird,0
HP36P3B,Common Tailorbird,0
HP36P4B,Common Tailorbird,0
HP37P1B,Common Tailorbird,0
HP37P2B,Common Tailorbird,0
HP37P4B,Common Tailorbird,0
HP4008R,Common Tailorbird,0
HP4008U,Common Tailorbird,0
INBS04R,Common Tailorbird,0
INBS04U,Common Tailorbird,0
INME03R,Common Tailorbird,0
INME03U,Common Tailorbird,0.014019991
INOA03R,Common Tailorbird,0
IPTO04R,Common Tailorbird,0
IPTO04U,Common Tailorbird,0
IPTO06R,Common Tailorbird,0
IPTO06U,Common Tailorbird,0
OLCAP2B,Common Tailorbird,0
OLCAP3B,Common Tailorbird,0
OLV110R,Common Tailorbird,0
OLV110U,Common Tailorbird,0.014019991
OLV208R,Common Tailorbird,0
OLV208U,Common Tailorbird,0
PANMP1B,Common Tailorbird,0
PANMP2B,Common Tailorbird,0
PANMP3B,Common Tailorbird,0
SEL107R,Common Tailorbird,0.014019991
SEL107U,Common Tailorbird,0.028039982
SEL207R,Common Tailorbird,0.042059973
SEL207U,Common Tailorbird,0.014019991
STIN02R,Common Tailorbird,0.070099955
STIN02U,Common Tailorbird,0.056079964
THEN10U,Common Tailorbird,0
UPMAP1B,Common Tailorbird,0
UPMAP3B,Common Tailorbird,0
UPMAP4B,Common Tailorbird,0
UPMAP5B,Common Tailorbird,0
UPMAP6B,Common Tailorbird,0
VAR210R,Common Tailorbird,0
VAR310R,Common Tailorbird,0
VAR310U,Common Tailorbird,0.042059973
VAR410R,Common Tailorbird,0.014019991
VAR410U,Common Tailorbird,0.042059973
